index,title,date
5187,"""Carol Channing"" in Concert",2011-01-12
6598,"""Daddy""",2019-03-05
5688,"""Mildred Fierce""",2013-10-12
6798,#DateMe: An OkCupid Experiment,2019-07-08
6848,(A)loft Modulation,2019-10-02
4547,(The Blood) Electra,2007-05-31
6411,[PORTO],2018-02-06
4219,[title of show],2006-02-26
4375,¡El Conquistador!,2006-10-03
4511,10 Million Miles,2007-06-14
4868,10 Things To Do Before I Die,2009-05-28
4551,100 Saints You Should Know,2007-09-18
6258,1001 Nights: A Love Story About Loving Stories,2016-09-17
6724,17 Border Crossings,2019-04-15
267,2 1/2 Jews,1998-12-12
6126,2 Across: A New Comedy of Crosswords and Romance,2015-12-09
6429,20th Century Blues,2017-11-26
4398,25 Questions for a Jewish Mother,2006-10-12
5621,3 Kinds of Exile,2013-06-11
6147,3 MICS,2016-03-03
5991,39 Steps,2015-04-13
5248,4000 Miles,2011-06-20
5376,4000 Miles,2012-04-02
5007,4PLAY,2010-02-08
5076,4PLAY,2010-08-09
5506,5 Lesbians Eating a Quiche,2012-10-13
5640,5 Lesbians Eating a Quiche,2013-06-26
5734,50 Shades! The Musical Parody,2014-03-12
5020,666,2010-04-15
6888,72 Miles to Go...,2020-03-10
5414,7th Monarch,2012-06-24
5499,8 Million Protagonists,2012-11-08
6272,90210! The Musical,2016-09-08
2659,A Bad Friend,2003-06-09
5958,A Beautiful Day in November on the Banks of the Greatest of the Great Lakes,2015-01-15
6160,A Better Place,2016-05-15
4681,A Body of Water,2008-10-14
4947,A Boy and His Soul,2009-09-24
6892,A Boy’s Company Presents: “Tell Me If I’m Hurting You”,2020-05-15
6769,A Bright Room Called Day,2019-11-19
2112,A Celtic Christmas,2002-12-03
4844,A Child's Christmas in Wales,2008-12-07
6669,A Child's Christmas in Wales,2018-12-03
1107,A Chorus Line,1975-05-21
5458,A Christmas Carol,1979-12-01
4175,A Christmas Carol,2005-12-15
5700,A Christmas Carol,2013-11-25
5753,A Christmas Carol,2013-12-01
6200,A Christmas Carol,2015-11-29
6402,A Christmas Carol,2016-11-27
6588,A Strange Loop,2019-06-17
5486,A Summer Day,2012-10-25
6274,A Taste of Honey,2016-09-18
6280,A Taste of Things to Come,2016-11-17
6900,A Touch of the Poet,2020-04-05
5215,A Tree Grows in Brooklyn,2011-03-20
6970,A Turtle on a Fence Post,2021-11-14
4426,A Very Common Procedure,2007-02-14
3060,A Very Merry Unauthorized Children's Scientology Pageant,2003-12-18
4646,A View From 151st Street,2007-10-18
6474,A Walk With Mr. Heifetz,2018-02-20
4035,A Woman of Will,2005-10-02
4171,Abigail's Party,2005-12-01
5096,Abraham Lincoln's Big Gay Dance Party,2010-08-12
3349,Absolutely Fascinating,2004-05-18
5951,Absolution,2014-12-10
6718,Accidentally Brave,2019-03-25
6358,Actually,2017-11-14
6691,"Actually, We’re F**ked",2019-03-07
3045,Addicted,2003-12-14
5598,Addicted to Show Business,2013-03-13
4662,Adding Machine,2008-02-25
3315,Address Unknown,2004-06-10
6509,Admissions,2018-03-12
4434,Adrift in Macao,2007-02-13
1935,Adult Entertainment,2002-12-11
6711,After,2019-03-17
3677,After Ashley,2005-02-28
4922,After Luke & When I Was God,2009-08-06
3576,After the Ball,2004-12-16
6382,After The Blast,2017-10-23
5123,After the Revolution,2010-11-10
3320,Afterbirth: Kathy & Mo's Greatest Hits,2004-06-17
4944,Aftermath,2009-09-15
4918,Ages of the Moon,2010-01-27
5140,"Ah, Wilderness!",1983-06-28
6555,Ain't No Mo',2019-03-27
6617,Alice By Heart,2019-02-26
5289,Alice in Wonderland,2011-07-30
5744,Alice in Wonderland,2012-02-12
6203,Alice in Wonderland,2015-10-11
6896,Alice in Wonderland,2019-09-21
4798,Aliens with Extraordinary Skills,2008-09-30
4280,All Dolled Up,2006-05-07
6847,All Hallows Eve,--
5580,All in the Timing,2013-02-12
6676,All is Calm: The Christmas Truce of 1914,2018-11-18
5253,All New People,2011-07-25
5695,All That Fall,2013-11-12
4433,All That I Will Ever Be,2007-02-06
4588,Jump,2007-10-07
5279,Jump,2011-05-11
4215,Jump/Cut,2006-02-12
3409,Junie B. Jones,2004-07-21
4068,Junie B. Jones,2005-11-10
4672,Junie B. Jones,2008-03-22
6216,Junie B's Essential Survival Guide to School,2016-07-27
5676,Juno and the Paycock,2013-10-20
6684,Juno and the Paycock,2019-03-19
6991,Just For Us,2021-12-08
5760,Just Jim Dale,2014-06-03
2930,Juvenilia,2003-11-14
5537,Kafka's Monkey,2013-04-04
4420,Kaos,2006-12-04
5581,Katie Roche,2013-02-25
6840,Katsura Sunshine's Rakugo,2019-09-28
6672,Kennedy: Bobby's Last Crusade,2018-11-08
4750,Kicking a Dead Horse,2008-07-14
6298,Kid Victory,2017-02-22
2658,Kiki & Herb: A Coup de Theatre,2003-05-07
6531,Kill Move Paradise,2017-06-03
2207,Kimberly Akimbo,2003-02-04
6948,Kimberly Akimbo,2021-12-08
5202,Kin,2011-03-21
4799,Kindness,2008-10-13
4880,King David,2009-04-16
4429,King Hedley II,2007-03-11
4428,King Lear,2007-03-07
5271,King Lear,2011-11-08
5828,King Lear,2014-08-05
6449,Kings,2018-02-21
5239,Knickerbocker,2011-05-19
6410,KPOP,2017-09-22
4845,"Krapp, 39",2009-01-22
6986,"Kristina Wong, Sweatshop Overlord",2021-11-04
5549,Kung Fu,2014-02-24
3115,Kwatz! The Sound of a Hammer Hitting the Head,2004-03-24
6779,L.O.V.E.R.,2019-09-08
5207,La Barberia,2011-02-17
6277,La Cancion El Musical,2016-10-07
5707,La Soiree,2013-11-07
5624,Lady Day,2013-10-03
4285,Landscape of the Body,2006-04-16
4882,Lansky,2009-02-05
5031,Lascivious Something,2010-05-11
2609,Last Dance,2003-06-03
3402,Last Easter,2004-10-07
2396,Last Sunday in June,2003-04-09
6290,Latin History for Morons,2017-03-27
5221,Laughing Liberally: This Ain't No Tea Party,2011-03-24
6058,Lazarus,2015-12-07
3687,Lazer Vaudeville,2005-03-09
4725,"Len, Asleep in Vinyl",2008-06-02
5888,Lennon: Through a Glass Onion,2014-10-15
4216,Lenny Bruce...In His Own Words,2006-02-01
4908,Let Me Down Easy,2009-10-07
5559,Let's Kill Grandma This Christmas,2012-12-03
3399,Let's Put On A Show,2004-08-10
6950,Letters Of Suresh,2021-10-12
4902,Levittown,2009-07-13
5886,LIBERTY A Monumental New Musical,2014-10-19
6214,Liberty A Monumental New Musical,2016-07-04
4674,Liberty City,2008-03-04
5713,Lies My Father Told Me,2013-11-21
4758,Life in a Marital Institution (20 Years of Monogamy in One Terrifying Hour),2008-07-09
6749,Life Sucks.,2019-06-16
5904,Lift,2014-10-28
3222,Light Raise the Roof,2004-05-20
6496,Light Shining In Buckinghamshire,2018-05-07
6942,"Lilies, or The Revival of a Romantic Drama",2021-05-17
6195,Linda,2017-02-28
3680,LingoLand,2005-02-15
5169,Lingua Franca,2010-11-16
5850,"Lips Together, Teeth Apart",2014-10-29
3040,Listen to My Heart,2003-10-23
6992,Little Christmas Miracles,2021-12-04
2213,Little Fish,2003-02-13
6799,Little Gem,2019-07-25
1630,Little Ham,2002-09-26
5661,Little Miss Sunshine,2013-11-14
6537,Little Rock,2018-06-14
6817,Little Shop of Horrors,2019-10-17
6622,Little Women,2019-06-04
5946,Lives of the Saints,2015-02-24
2922,Living Out,2003-09-30
6733,Lizzie The Musical,2019-08-05
6458,Log Cabin,2018-06-25
6865,London Assurance,2019-12-15
5728,London Wall,2014-02-24
3506,Lone Star Love,2004-12-08
5394,"Lonely, I'm Not",2012-05-07
6538,Lonesome Blues,2018-06-19
6615,Long Lost,2019-06-04
5317,Look Back in Anger,2012-02-02
4288,Look Ma...No Ears,2006-05-06
4356,Loose,2006-06-20
5726,Loot,2014-01-16
5808,Los Monologos de la Vagina,2014-05-14
5981,Lost Girls,2015-11-09
5799,Lost Lake,2014-11-11
6821,Love Actually? The Unauthorized Musical Parody,2019-12-02
6980,Love Actually? The Unauthorized Musical Parody,2021-11-30
5735,Love and Information,2014-02-19
4849,Love Child,2008-10-26
4954,Love Child,2009-10-31
5025,Love is My Sin,2010-04-01
6914,Love Quirks,--
5232,Love Song,2011-04-05
62,"Love, Janis",2001-04-22
5693,"Love, Linda: The Life of Mrs. Cole Porter",2013-12-12
4903,"Love, Loss, and What I Wore",2009-10-01
6106,"Love, Love, Love",2016-10-19
6930,Lovers and Keepers,1986-04-17
5283,Love's Labor's Lost,2011-10-31
5657,Love's Labour's Lost,2013-07-23
5689,Luce,2013-10-21
5514,Luck of the Irish,2013-02-11
5178,Lucky Guy,2011-05-19
6837,Luisa Omielan: More Than a Thigh Gap,--
3038,Lypsinka! As I Lay Lip-Synching,2003-11-05
5940,Lypsinka! The Trilogy,2014-11-13
2929,Lysistrata,2003-10-24
6719,Mac Beth,2019-05-19
5222,Macbeth,2011-03-20
5409,Macbeth,2012-04-29
6833,Macbeth,2019-10-27
2701,Mack The Knife...The Life & Music of Bobby Darin,2003-06-22
6088,Mad Libs Live!,2015-11-02
6253,Made in China,2017-01-15
4958,Made in Heaven,2009-11-02
6229,Maestro,2016-09-11
6687,Maestro,2019-01-03
3077,Magic Hands Freddy,2004-02-19
4507,Magpie,2007-03-09
4924,Mahida's Extra Key to Heaven,2009-09-26
5876,Major Barbara,2014-11-16
6702,Make Believe,2019-08-15
4629,Make Me a Song,2007-11-12
5772,Mala Hierba,2014-07-24
5397,Man and Superman,2012-05-06
6295,Man From Nebraska,2017-02-15
3431,Mandy Patinkin in Concert,2004-09-20
5252,Manipulation,2011-06-28
6459,Mankind,2018-01-08
3888,Manuscript,2005-06-12
6960,Many Happy Returns,2021-08-02
5286,Maple and Vine,2011-12-07
5218,Marie and Bruce,2011-04-05
6215,Marie and Rosetta,2016-09-12
4771,Marie Antoinette: The Color of Flesh,2008-07-10
6051,Marjorie Prime,2015-12-14
6351,Marry Harry,2017-05-04
6304,Martin Luther on Trial,2016-12-04
5479,Mary Broome,2012-09-10
6424,Mary Jane,2017-09-25
6510,Mary Page Marlowe,2018-07-12
4431,Mary Rose,2007-02-20
6482,Mary Shelley's Frankenstein,2017-12-27
6690,Marys Seacole,2019-02-25
6251,Master Harold... and the Boys,2016-11-07
2893,Matt & Ben,2003-08-07
4585,Max and Ruby,2007-12-09
3076,Max Morath: Ragtime and Again,2004-02-08
6862,Mayakovsky and Stalin,2019-10-20
4877,"Maybe Baby, It's You",1999-11-09
4445,Mayumana's Be,2007-03-13
4997,MazelTov Cocktail … an explosive family comedy,2010-02-20
3679,McReele,2005-02-24
5641,Me and Jezebel,2013-07-24
6386,Me The People,2017-06-22
5925,"Me, My Mouth & I",2014-11-23
4982,Measure for Measure,2010-02-14
5234,Measure for Measure,2011-06-30
5777,Measure for Measure,2014-02-28
6384,Measure For Measure,2017-10-10
6824,Measure for Measure,2019-07-28
4221,Measure for Pleasure,2006-03-08
4042,Medea,2005-09-23
4114,Medea,2005-10-30
5382,Medieval Play,2012-06-07
4440,Meet Me in St. Louis,2006-12-14
3783,Memory House,2005-05-17
5929,Men and Women Talking Love and Sex,2014-12-05
6090,"Men are from Mars, Women are from Venus LIVE!",2015-11-07
6153,Men on Boats,2016-08-01
1001,Menopause the Musical,2002-04-04
6624,Merrily We Roll Along,2019-02-19
6943,Merry Wives,2021-08-09
5104,Middletown,2010-11-03
6640,Midnight at the Never Get,2018-10-11
6607,Mies Julie,2019-02-10
5846,Mighty Real: A Fabulous Sylvester Musical,2014-09-14
5216,Mike Birbiglia's My Girlfriend's Boyfriend,2011-03-31
6443,Miles for Mary,2018-01-22
5277,Milk Like Sugar,2011-11-01
5268,Million Dollar Quartet,2011-07-28
4372,Mimi le Duck,2006-11-06
4805,Mindgame,2008-11-09
3068,Ministry of Progress,2004-03-04
4005,Miracle Brothers,2005-09-18
5387,Miracle On South Division Street,2012-05-13
4974,Misalliance,2009-12-13
5124,"Miss Abigail's Guide to Dating, Mating, & Marriage",2010-10-24
6863,Miss America's Ugly Daughter,2020-01-17
3348,Miss Julie,2004-06-22
4071,Miss Witherspoon,2005-11-29
6470,Miss You Like Hell,2018-04-10
5111,Mistakes Were Made,2010-11-14
6524,Mlima's Tale,2018-04-15
3502,Modern Orthodox,2004-12-06
5478,"Modern Terrorism, or They Who Want to Kill Us and How We Learn to Love Them",2012-10-18
5051,Modotti,2010-06-11
6557,Mojada,2019-07-17
5189,Molly Sweeney,2011-01-30
2593,Mondo Drama,2003-05-22
6405,Money Talks,2017-07-23
3690,Moonlight and Magnolias,2005-03-29
6946,Morning Sun,2021-11-03
6977,Morning's at Seven,2021-11-15
4217,Moscow Cats Theatre,2006-02-03
6619,Moscow Moscow Moscow Moscow Moscow Moscow,2019-07-18
4038,Mother Courage,2005-09-07
6097,Mother Courage and Her Children,2016-01-19
6550,Mother of the Maid,2018-10-17
5273,Motherhood Out Loud,2011-10-04
6834,Mothers,2019-09-25
6108,MotherStruck!,2015-12-14
4782,Mourning Becomes Electra,2009-02-19
4781,Mouth to Mouth,2008-11-06
4991,Mr. & Mrs. Fitch,2010-02-22
5586,"Mr. Burns, a post-electric play",2013-09-15
5782,Mr. Chickee's Funny Money,2014-04-12
4366,Mr. Dooley's America,2006-08-16
3109,Mr. Fox: A Rumination,2004-04-13
5625,Mr. Joy,2013-04-08
4065,Mr. Marmalade,2005-11-20
6736,Mrs. Murray's Menagerie,2019-04-08
4198,Mrs. Warren's Profession,2005-12-18
6860,MsTRIAL,2019-12-05
3374,Much Ado About Nothing,2004-07-13
5521,Much Ado About Nothing,2013-02-17
5720,Much Ado About Nothing,2013-12-03
5829,Much Ado About Nothing,2014-06-16
6780,Much Ado About Nothing,2019-06-11
5500,Murder Ballad,2012-11-15
5610,Murder Ballad,2013-05-22
5648,Murder For Two,2013-07-25
5423,Murder in the First,2012-06-06
5670,My Big Gay Italian Funeral,2013-06-16
6124,My Big Gay Italian Midlife Crisis,2015-12-03
4609,My Big Gay Italian Wedding,2003-11-14
5014,My Big Gay Italian Wedding,2010-05-22
5582,My Big Gay Italian Wedding,2012-11-03
5374,My Children! My Africa!,2012-05-24
4568,My First Time,2007-07-28
6018,My Grandmother Prayed for Me,2015-05-05
6582,My Life on a Diet,2018-07-25
2214,My Life with Albertine,2003-03-13
5806,My Manana Comes,2014-09-04
5756,My Mother Has 4 Noses,2014-02-20
4413,"My Mother's Italian, My Father's Jewish & I'm in Therapy!",2006-12-08
5280,"My Mother's Italian, My Father's Jewish and I'm STILL in Therapy",2011-08-10
5513,My Name is Asher Lev,2012-11-28
4384,My Name is Rachel Corrie,2006-10-15
1481,My Old Lady,2002-10-03
6645,My Parsifal Conductor,2018-10-11
5872,"My Son the Waiter, A Jewish Tragedy",2014-10-19
5021,My Trip Down the Pink Carpet,2010-04-19
4847,My Vaudeville Man!,2008-11-17
6516,Nanette,2018-03-09
6696,Nantucket Sleigh Ride,2019-03-18
6379,"Napoli, Brooklyn",2017-06-27
6679,Nassim,2018-12-12
6233,Nat Turner in Jerusalem,2016-09-26
5632,"Natasha, Pierre & The Great Comet of 1812",2013-05-16
6157,Nathan the Wise,2016-04-13
6805,Native Son,2019-07-25
5533,Neva,2013-03-11
4593,Neva Small: Not Quite an Ingenue,2007-08-23
5927,Nevermore - The Imaginary Life and Mysterious Death of Edgar Allan Poe,2015-01-25
2825,New Boy,2003-05-28
5434,New Girl in Town,2012-07-26
4652,"New Jerusalem: The Interrogation of Baruch de Spinoza at Talmud Torah Congregation: Amsterdam, July 27, 1656",2008-01-13
3427,Newsical,2004-10-07
4966,NEWSical the Musical,2009-12-09
4914,Next Fall,2009-06-03
4658,Next to Normal,2008-02-13
630,Night and Her Stars,1995-04-26
6061,Night is a Room,2015-11-22
4896,Nightingale,2009-11-03
5596,Nikolai and the Others,2013-05-06
6286,Nina Conti: In Your Face,2016-12-14
3428,Nine Parts of Desire,2004-10-09
4359,Nixon's Nixon,2006-10-04
4357,No Child...,2006-07-16
5278,No Child...,2011-06-19
5767,No Exit,2014-03-09
3041,Nobody Don't Like Yogi,2003-10-26
5636,Nobody Loves You,2013-07-18
3052,Noche Flamenca,2003-11-04
5318,Noctu,2011-09-12
6829,Nollywood Dreams,2021-11-11
6934,North Shore Fish,--
6234,Not That Jewish,2016-10-26
6247,Notes From the Field,2016-11-02
5164,Notes from Underground,2010-11-11
3047,Nothing But the Truth,2003-12-07
5690,Nothing to Hide,2013-11-06
6504,Noura,2018-12-10
5370,Now. Here. This.,2012-03-28
5429,Numb,2012-07-10
5048,Nunsense,2010-06-20
5714,Nutcracker Rouge,2013-12-04
2220,Observe the Sons of Ulster Marching Towards the Somme,2003-02-24
6591,Octet,2019-05-19
5739,Ode to Joy,2014-02-27
3893,Oedipus at Palm Springs,2005-08-03
6399,Oedipus El Rey,2017-10-24
5966,Of Good Stock,2015-06-30
6447,Office Hour,2017-11-08
4886,Offices,2009-05-07
6085,Oh Hello,2015-12-10
4573,Ohio State Murders,2007-11-04
4673,Old Comedy After Aristophane's Frogs,2008-05-11
5527,Old Hats,2013-03-04
6141,Old Hats,2016-02-18
5399,Old Jews Telling Jokes,2012-05-20
6532,Old Stock: A Refugee Love Story,2018-03-18
5592,Old-Fashioned Prostitutes (A True Romance),2013-05-07
5262,Olive and the Bitter Herbs,2011-08-16
5034,Oliver Parker!,2010-05-17
5881,Olympics Uber Alles,2014-08-27
2921,Omnium Gatherum,2003-09-25
6565,On a Clear Day You Can See Forever,2018-06-28
6595,On Beckett,2018-10-03
2297,On Deaf Ears,1996-12-22
6839,On That Day in Amsterdam,2019-11-19
4971,On the Levee,2010-06-28
4286,On the Line,2006-04-12
3678,On the Mountain,2005-02-24
6370,On the Shore of the Wide World,2017-09-12
5315,Once,2011-12-06
4003,Once Around the Sun,2005-08-11
6069,Once Upon a Mattress,2015-12-13
5240,One Arm,2011-06-09
5974,One Day,2015-02-19
6181,One Funny Mother,2016-04-14
6826,one in two,2019-12-10
6545,"One Nation, One Mission, One Promise",2018-01-12
6547,One Neck,1992-06-03
5230,One Night with Fanny Brice,2011-04-03
5684,One Night...,2013-11-20
4078,One-Man Star Wars Trilogy,2005-08-09
5339,One-Man Star Wars Trilogy,2011-12-02
6722,Only Human,2019-10-21
3070,Open Heart,2004-03-17
4536,Opus,2007-08-07
4940,"Or,",2009-11-03
6890,Oratorio For Living Things,--
3881,Orgasms,2005-04-21
6734,Original Sound,2019-05-09
5109,Orlando,2010-09-23
4574,Oroonoko,2008-02-10
4969,Orpheus X,2009-12-03
3770,Orson's Shadow,2005-03-13
6156,Oslo,2016-07-11
3318,Othello,2004-06-10
4779,Othello,2009-02-22
4948,Othello,2009-09-27
6218,Othello,2016-12-12
6575,Othello,2018-06-18
6222,Othello: The Remix,2016-11-16
5061,Other Desert Cities,2011-01-13
6741,Our Dear Dead Drug Lord,2019-09-24
4814,Our House,2009-06-09
2225,Our Lady of 121st Street,2003-03-06
6398,Our Lady of 121st Street,2018-05-20
5889,Our Lady of Kibeho,2014-11-16
4299,Our Leading Lady,2007-03-15
4846,Our Town,2009-02-26
6189,Out of the Mouths of Babes,2016-06-19
5340,Outside People,2012-01-10
6315,Pacific Overtures,2017-05-04
6879,Paddington Gets in a Jam,2019-12-13
5836,Pageant,2014-07-14
4789,Palace of the End,2008-06-23
6397,Paradise Blue,2018-05-14
6885,Paradise Lost,2020-01-22
4581,Paradise Park,2008-03-02
4603,Parlour Song,2008-03-06
6473,Party Face,2018-01-22
6263,Party People,2016-11-16
6539,Pass Over,2018-06-18
4510,Passing Strange,2007-05-14
5518,Passion,2013-02-28
6534,Peace for Mary Frances,2018-05-23
5892,"Peace, Love, and Cupcakes The Musical",2014-10-04
6184,Peer Gynt,2016-05-25
6990,Peer Gynt and the Norwegian Hapa Band,2017-01-17
2703,Peg O' My Heart,2003-05-22
4340,Pen,2006-04-02
6576,Penn & Teller,1985-04-18
3493,People Are Wrong!,2004-10-27
3405,People Be Heard,2004-09-23
5142,Perfect Harmony,2010-10-27
5938,Pericles Prince of Tyre,2014-11-18
5923,Permission,2015-05-18
6648,Permission to Speak With Paul Mecurio,2018-07-23
6830,Perry Street,2020-06-04
6400,Pete the Cat,2017-07-25
4597,Peter and Jerry,2007-11-11
5183,Peter and the Starcatcher,2011-03-09
6426,Peter Pan,2017-11-19
6380,Pharma Bro: An American Douchical,2017-05-11
4002,"Philadelphia, Here I Come!",2005-07-21
5649,Philip Goes Forth,2013-09-16
5838,Phoenix,2014-08-07
4666,Piaf: Love Conquers All,2007-12-08
5208,Picked,2011-04-20
3692,Picon Pie,2004-07-15
5801,Piece of My Heart: The Bert Berns Story,2014-07-21
3666,Pieces (of Ass),2004-12-10
4306,Pig Farm,2006-06-27
5602,Piggy Nation the Musical,2013-03-24
6152,Pike St.,2015-11-17
6246,Pillars of New York,2016-07-12
6414,Pinkalicious The Musical,2017-07-16
4532,"Pinkalicious, The Musical",2007-03-03
4668,"Pinkalicious, The Musical",2008-01-13
5439,"Pinkalicious, The Musical",2012-07-07
5691,"Pinkalicious, The Musical",2014-06-14
6322,Pipeline,2017-07-10
5788,Placebo,2015-03-16
6099,Plaid Tidings,2015-12-13
5105,Play Dead,2010-11-10
5274,Play It Cool,2011-09-14
6236,Plenty,2016-10-23
6612,Plot Points in Our Sexual Development,2018-10-22
5787,Pocatello,2014-12-15
2335,Polish Joke,2003-03-18
6373,Polkadots: The Cool Kids Musical,2017-09-16
2107,Poor Beast in the Rain,2002-11-13
5844,Poor Behavior,2014-08-17
6790,Poor Yella Rednecks,2020-06-02
6602,Popcorn Falls,2018-10-08
4604,Port Authority,2008-05-21
2109,Porterphiles,2002-12-17
2920,Portraits,2003-09-21
5943,Posterity,2015-03-15
5380,Potted Potter - The Unauthorized Harry Experience - A Parody by Dan and Jeff,2012-06-03
5609,Potted Potter: The Unauthorized Harry Experience - A Parody by Dan and Jeff,2013-06-04
5097,Power Balladz,2010-08-19
6415,Power Over Potus,2017-07-21
6808,Power Strip,2019-10-21
4813,Prayer for My Enemy,2008-12-09
5936,Preludes,2015-06-15
5973,Pretty Filthy,2015-02-08
6418,Pride and Prejudice,2017-11-19
1831,Principia Scriptoriae,1986-04-10
4742,Prisoner of the Crown,2008-05-22
6194,Privacy,2016-07-19
3042,Private Jokes Public Places,2003-11-05
3741,Privilege,2005-04-25
6027,Prodigal Son,2016-02-09
4509,Prometheus Bound,2007-03-21
6727,Proof of Love,2019-05-14
5346,Psycho Therapy,2012-01-29
6273,Public Enemy,2016-10-09
6220,"Puffs, or Seven Increasingly Eventful Years at a Certain School of Magic & Magic",2016-10-20
4591,Pumpgirl,2007-12-04
5905,Punk Rock,2014-11-17
4913,Puppetry of the Penis,2009-08-06
5102,Puppetry of the Penis,2010-07-13
3509,Pygmalion,2004-12-12
3882,Pygmalion,2005-05-03
5325,Queen of the Mist,2011-11-06
6484,queens,2018-02-26
4578,Queens Boulevard (the musical),2007-11-06
6190,Quietly,2016-07-28
2221,Radiant Baby,2003-03-02
4679,"Rafta, Rafta...",2008-05-08
6603,Rags Parkland Sings the Songs of the Future,2018-10-06
2587,Rain Dance,2003-05-20
6179,Rancho Viejo,2016-12-06
5383,"Rapture, Blister, Burn",2012-06-12
5931,Rasheeda Speaking,2015-02-11
5342,Rated P...for Parenthood,2012-02-29
6087,Real Men The Musical,2015-12-10
5515,Really Really,2013-02-19
5620,Reasons To Be Happy,2013-06-11
4651,reasons to be pretty,2008-06-02
6784,Reborning,2019-07-12
2919,Recent Tragic Events,2003-09-28
1340,Red Diaper Baby,1992-04-01
5480,Red Dog Howls,2012-09-24
5848,Red Eye of Love,2014-09-04
4199,Red Light Winter,2006-02-09
6451,"Red Roses, Green Gold",2017-10-29
6139,Red Speedo,2016-03-03
5813,Red-Eye to Havre de Grace,2014-04-30
6828,All the Natalie Portmans,2020-02-24
5576,All the Rage,2013-01-30
6223,All the Ways to Say I Love You,2016-09-28
4504,"All the Wrong Reasons: A True Story of Neo-Nazis, Drug Smuggling, and Undying Love",2007-04-15
4291,All This Intimacy,2006-07-27
5276,All-American,2011-11-07
5100,All-American Girls,2010-08-25
5798,Allegro,2014-11-19
4226,All's Well That Ends Well,2006-02-12
5235,All's Well That Ends Well,2011-06-11
4707,Almost an Evening,2008-04-02
4079,Almost Heaven: The Songs of John Denver,2005-11-09
5858,Almost Home,2014-09-18
4193,"Almost, Maine",2006-01-12
5708,"Almost, Maine",2014-02-04
6634,Al's Hidden Production for Testing,2018-02-01
3686,Altar Boyz,2005-03-01
4353,AMAJUBA: Like Doves We Rise,2006-07-25
2700,American Dreams: Lost and Found,2003-05-13
4524,American Fiesta,2007-04-26
5771,American Hero,2014-05-22
2731,American Menu,2003-05-04
6823,American Moor,2019-09-08
6409,Amerike - The Golden Land,2017-07-10
6328,Amy and the Orphans,2018-03-01
5379,An Early History of Fire,2012-04-30
5361,An Iliad,2012-03-06
4422,an oak tree,2006-11-04
6475,An Ordinary Muslim,2018-02-26
4867,An Oresteia,2009-04-01
6761,Anatomy of a Suicide,2020-02-18
6924,Ancestral Voices,1999-10-18
5540,And Away We Go,2013-11-24
5854,And I and Silence,2014-08-25
6579,And Then There Were None,2017-04-14
6138,Angel Reapers,2016-02-22
5186,Angelina Ballerina,2011-01-09
5078,"Angels in America, A Gay Fantasia on National Themes, Part 1: Millennium Approaches",2010-10-28
5079,"Angels in America, A Gay Fantasia on National Themes, Part 2: Perestroika",2010-10-28
4559,Angry Young Women in Low-Rise Jeans With High-Class Issues,2007-08-12
4726,Animals Out of Paper,2008-08-04
6870,Anna Karenina: a riff,2019-11-22
5701,Annapurna,2014-04-21
4388,Anne of Green Gables,2007-03-29
4345,Annulla,2006-05-14
5686,Anthem,2013-10-07
3311,Antigone,2004-05-02
6164,Antlia Pneumatica,2016-04-04
4575,Antony and Cleopatra,2008-04-03
5770,Antony and Cleopatra,2014-03-05
5375,Regrets,2012-03-27
4297,Regrets Only,2006-11-19
6390,Relevance,2018-02-20
6240,Rendezvous at Senlis,1961-02-27
5246,Rent,2011-08-11
5030,Restoration,2010-05-19
6807,Revelation: The Musical,2019-05-09
5830,Revolution in the Elbow of Ragnar Agnarsson Furniture Painter,2014-08-13
4069,RFK,2005-11-15
2561,Rhapsody in Seth,2003-03-11
6822,Richard & Jane & Dick & Sally,2020-04-03
4374,Richard II,2006-09-17
5284,Richard II,2011-11-20
3432,Richard III,2004-10-11
4627,Richard III,2007-11-13
5473,Richard III,2012-08-11
5604,Richard III: Born With Teeth,2013-04-21
6262,Ride the Cyclone,2016-12-01
5732,Riding the Midnight Express with Billy Hayes,2014-02-05
5902,Riding the Midnight Express with Billy Hayes,2014-10-02
6270,Ring Twice for Miranda,2017-02-19
6796,"Rinse, Repeat",2019-07-31
5928,Ripcord,2015-10-20
4823,Road Show,2008-11-18
3082,Roar,2004-04-07
5857,Rock Bottom,2014-09-17
4787,Rock of Ages,2008-10-16
6787,Rock of Ages,2019-07-02
5975,Rocket to the Moon,2015-02-23
3503,Rodney's Wife,2004-12-01
3683,Romance,2005-03-01
4740,Romantic Poetry,2008-10-28
6871,Romeo & Bernadette: A Musical Tale of Verona and Brooklyn,2020-01-23
3508,Romeo and Juliet,2004-10-17
5663,Romeo and Juliet,2013-10-16
6191,Romeo and Juliet,2016-04-11
5220,Room,2011-03-15
4425,Room Service,2006-11-28
4853,Rooms: a rock romance,2009-03-16
4073,Rope,2005-12-04
5967,Rosario and the Gypsies,2015-02-18
3412,Rose Rage,2004-09-17
5722,Rosencrantz and Guildenstern are Dead,2014-01-12
2931,Rose's Dilemma,2003-12-18
5045,Rosmersholm,2010-11-21
3065,Roulette,2004-02-18
2923,Rounding Third,2003-10-07
5731,Row After Row,2014-01-23
4741,Ruined,2009-02-10
6782,runboyrun & In Old Age,2019-09-24
4650,Runt of the Litter,2007-12-09
5335,Russian Transport,2012-01-30
6026,RUTHLESS! The Musical,2015-07-13
5343,Rx,2012-02-07
3674,Sabina,2005-02-02
6737,Safeword.,2019-04-25
5603,SAGA,2013-03-09
3498,Sailor's Song,2004-11-07
4277,Sake with the Haiku Geisha,2006-02-24
6639,Sakina's Restaurant,2018-10-14
5460,Salammbo,1985-11-07
5761,Sam Eaton's The Quantum Eye,2014-01-18
5238,Sam's Romance,2011-06-05
6783,Sanctuary City,2021-09-21
4663,Sand,2008-02-10
4273,Sandra Bernhard: Everything Bad and Beautiful,2006-04-05
3090,Sarah Jones: bridge and tunnel,2004-02-19
4268,"Sarah, Plain and Tall",2006-03-23
2958,"Sarah, Sarah",2004-03-30
6928,Sarita,1984-01-18
5769,Satchmo at the Waldorf,2014-03-04
4346,Satellites,2006-06-18
4744,Saturn Returns,2008-11-10
2590,Savannah Bay,2003-06-10
4583,Saved,2008-06-03
5324,"Say Goodnight Gracie: The Life, Laughter & Love of George Burns",2011-10-30
4572,Scarcity,2007-09-20
2336,Scattergood,2003-02-26
5869,Scenes From a Marriage,2014-09-22
6389,"School Girls; Or, The African Mean Girls Play",2017-11-16
4347,School of the Americas,2006-07-06
3875,Score,2005-05-01
6745,"Scotland, PA",2019-10-15
5802,Sea Marks,2014-05-05
2953,Sea of Tranquility,2004-02-25
6553,Sea Wall / A Life,2019-02-14
4432,Sealed for Freshness,2007-02-24
6827,Seared,2019-10-28
6577,Secret Life of Humans,2018-06-03
5459,Secret Lives of the Sexists,1982-02-09
4348,Secrets,2006-06-25
4684,Secrets of a Soccer Mom,2008-03-05
5049,Secrets of the Trade,2010-08-10
4046,See What I Wanna See,2005-10-30
6105,Sell/Buy/Date,2016-10-18
4850,Sessions,2009-01-14
4563,Seussical,2007-07-19
6962,Seven Deadly Sins,2021-06-22
4355,Seven Guitars,2006-08-24
5243,Sex Lives of Our Parents,2011-06-22
5727,Sex Tips for Straight Women from a Gay Man,2014-02-09
5810,Sex With Strangers,2014-07-30
5757,"Sex, Relationships, and Sometimes...Love",2014-02-27
6267,"Sgt. Stubby, The Great American War Dog Musical",2016-12-03
6453,Shadowlands,2017-11-01
4887,"Shafrika, The White Girl",2009-06-21
5591,Shaheed: The Dream and Death of Benazir Bhutto,2013-03-14
2215,Shanghai Moon,2003-01-15
6874,"She Persisted, The Musical",2020-02-22
3876,She Stoops to Conquer,2005-05-12
6091,Shear Madness,2015-11-11
6182,Shining City,2016-06-09
4682,Shipwrecked! An Entertainment - The Amazing Adventures of Louis de Rougemont (As Told By Himself),2009-02-08
3685,Shockheaded Peter,2005-02-22
4827,Shogun Macbeth,2008-11-12
6944,Shots at Fate,--
4302,Shout!  The Mod Musical,2006-07-27
4200,Show People,2006-04-06
5710,Showgirls! The Musical!,2013-12-06
5935,Shows for Days,2015-06-29
2222,Showtune,2003-02-27
5880,Shut Up Sit Down & Eat,2014-10-26
4223,Sidd: A New Musical,2006-03-15
5241,Side Effects,2011-06-19
4061,Sides: The Fear is Real,2005-08-25
6172,"Signature Plays: Edward Albee's The Sandbox, Maria Irene Fornes' Drowning, and Adrienne Kennedy's Funnyhouse of a Negro",2016-05-22
5960,Significant Other,2015-06-18
5003,Signs of Life,2010-02-25
5249,SILENCE! The Musical,2011-07-09
5333,SILENCE! The Musical,2011-11-15
5462,SILENCE! The Musical,2012-07-18
3072,Silent Laughter,2004-03-18
6196,Simon Says,2016-07-09
4986,Simply Heavenly,1957-11-08
5028,Sin,2010-03-17
6694,"Sincerely, Oscar",2019-04-04
6781,Sing Street,2019-12-16
6292,Sing! A South African and American Musical Holiday Celebration,2016-12-04
6544,Single Rider A New Musical,2018-05-18
3039,Singular Sensations,2003-11-03
5483,Siren's Heart: The Marilyn Monroe Musical,2012-08-22
5316,Sistas: The Musical,2011-10-23
4624,Sive,2007-09-27
6148,Skeleton Crew,2016-05-19
6376,Skintight,2018-06-21
5393,Skippyjon Jones,2012-07-25
3773,Slag Heap,2005-04-13
3404,Slava's Snowshow,2004-09-08
6664,Slave Play,2018-12-09
6281,Sleep No More,2011-03-07
2216,Sleeping with Straight Men,2003-02-16
4797,Sleepwalk With Me,2008-11-11
5903,Sleepy Hollow,2014-09-20
6706,Sleepy Hollow: The Musical,--
5415,Slowgirl,2012-06-18
4032,Slut,2005-10-01
5546,Small Engine Repair,2013-11-20
6193,Small Mouth Sounds,2016-07-11
2934,Small Tragedy,2004-03-11
6094,Smart People,2016-02-11
5982,Smokefall,2016-02-22
6559,Smokey Joe's Cafe,2018-07-22
4979,Smudge,2010-01-11
6310,Snowkus Pocus: Enchant the Spring,2017-01-19
4968,So Help Me God!,2009-12-07
6556,Socrates,2019-04-16
6766,Soft Power,2019-10-15
6103,Sojourners,2016-01-28
6353,Sojourners & Her Portmanteau,2017-05-16
5004,Soledad Barrio and Noche Flamenca,2009-12-25
5179,Soledad Barrio y Noche Flamenca,2010-12-01
4753,Some Americans Abroad,2008-07-24
4283,Some Girl(s),2006-06-08
4338,Some Men,2007-03-26
6366,Somebody's Daughter,2017-06-06
4540,Something You Did,2008-04-01
5543,Somewhere Fun,2013-06-04
6546,Sonder,2017-06-22
3877,Songs From An Unmade Bed,2005-05-24
5242,Sons of the Prophet,2011-10-20
5542,Sontag: Reborn,2013-06-06
4284,Sore Throats,2006-04-30
5556,Sorry,2012-11-06
5841,Soul Doctor,2014-12-14
3776,Souls of Naples,2005-04-14
6098,Southern Comfort,2016-03-13
4363,Southern Comforts,2006-10-18
3505,Souvenir,2004-12-01
4589,Spain,2007-10-30
4480,Spalding Gray: Stories Left to Tell,2007-03-06
6224,Spamilton,2016-09-08
4034,Spirit,2005-09-15
5107,Spirit Control,2010-10-26
2028,Spookhouse,1984-05-02
4272,Spring Awakening,2006-06-15
3398,Squeeze Box,2004-07-29
5585,Stage Kiss,2014-03-02
5851,Stalking the Bogeyman,2014-09-29
5303,Standing On Ceremony: The Gay Marriage Plays,2011-11-13
6092,Steve,2015-11-18
5874,Sticks and Bones,2014-11-06
4912,Still Life,2009-10-05
800,Stomp,1994-02-27
6404,Stone Soup,2016-10-09
5736,Stop Hitting Yourself,2014-01-27
5653,stop. reset.,2013-09-08
4344,Stopping Traffic,2006-06-07
5372,Storefront Church,2012-06-11
5616,Storyville,2013-07-23
6130,Straight,2016-02-29
4676,Straight Up with a Twist,2008-01-24
5913,Straight White Men,2014-11-23
6964,Stranger Sings! The Parody Musical,2021-08-11
5696,Strawberry & Chocolate,2013-11-17
4743,Streamers,2008-11-11
4414,Striking 12,2006-11-12
3408,String of Pearls,2004-09-28
4287,Stuff Happens,2006-04-13
6211,Stuffed,2016-10-07
6428,Stuffed,2017-10-31
5023,Stuffed and Unstrung,2010-03-17
4883,Stunning,2009-06-18
4731,Substitution,2008-05-04
4337,subUrbia,2006-09-28
4393,Suddenly Last Summer,2006-11-15
6446,Sugar in Our Wounds,2018-06-19
6919,Suicide Forest,2020-03-01
6477,Summer and Smoke,2018-05-03
6758,Sunday,2019-09-23
6299,"Sundown, Yellow Moon",2017-03-14
6627,Superhero,2019-02-28
3500,Svejk,2004-11-14
5939,Swamp Juice,2014-12-02
6915,Swan Lake Opera,2020-04-02
6226,Sweat,2016-11-03
6266,"Sweeney Todd, The Demon Barber of Fleet Street",2017-03-01
6244,Sweet,2016-10-22
5301,Sweet and Sad,2011-09-11
6235,Sweet Charity,2016-11-24
4001,Swimming in the Shallows,2005-06-28
3411,Symphonie Fantastique,2004-09-16
5866,Tail! Spin!,2014-10-01
4712,Take Me Along,2008-02-28
1224,Take Me Out,2002-09-05
5669,Taking Care of Baby,2013-11-19
4824,Taking Over,2008-11-23
5638,Tales From Red Vienna,2014-03-18
5077,Tales From the Tunnel,2010-07-25
2559,Talking Heads,2003-04-06
5494,Talley's Folly,2013-03-05
6989,Tammany Hall,2021-11-02
6101,Tappin' Thru Life,2016-01-11
2280,Tea at Five,2003-03-09
6868,Teen Party Massacre!,2019-10-26
6530,Teenage Dick,2018-06-20
1965,Temporary Help,2002-11-17
5484,Ten Chimneys,2012-09-30
78,Ten Unknowns,2001-03-08
6407,Terezin,2017-06-20
6255,Terms of Endearment,2016-11-16
6778,Terra Firma,2019-10-10
5605,Tesla,2013-05-24
6938,Test Production with No Credits,2021-02-01
5882,Texas in Paris,2015-02-05
6142,Thank God for Jokes,2016-02-11
6408,That Chemistry Show,2017-07-22
4897,That Face,2010-05-18
5117,That Hopey Changey Thing,2010-11-02
6173,That Physics Show!,2016-03-09
5588,The (curious case of the) Watson Intelligence,2013-12-09
3492,The 25th Annual Putnam County Spelling Bee,2005-02-07
5012,The 39 Steps,2010-04-15
4497,The Accomplices,2007-04-09
4977,The Age of Iron,2009-11-22
5282,The Agony and the Ecstasy of Steve Jobs,2011-10-17
5341,The Agony and the Ecstasy of Steve Jobs,2012-01-31
6983,The Alchemist,2021-11-07
4601,The All-American Sport of Bipartisan Bashing,2007-08-15
6471,The Amateurs,2018-02-27
5487,The Amazing Max and The Box of Interesting Things,2011-10-02
5719,The Amazing Max and The Box of Interesting Things,2013-11-29
4412,The American Pilot,2006-11-21
5837,The Anthem,2014-06-03
6348,The Antipodes,2017-04-18
5668,The Apple Family Plays: Scenes From Life In The Country,2013-11-22
5778,The Architecture of Becoming,2014-03-09
3886,The Argument,2005-05-25
4062,The Ark,2005-11-14
4791,The Atheist,2008-10-12
4647,The Awesome 80s Prom,2004-07-23
6278,The Babies,2016-10-27
6219,The Babylon Line,2016-12-05
4907,The Bacchae,2009-08-24
5410,The Bad Guys,2012-06-04
5266,The Bald Soprano,2011-09-25
3406,The Bald Soprano and The Lesson,2004-09-19
3569,The Baltimore Waltz,2004-12-05
5631,The Banana Monologues,2013-06-24
6264,The Band's Visit,2016-11-24
3043,The Beard of Avon,2003-11-18
6501,The Beast in the Jungle,2018-05-23
5867,The Belle of Amherst,2014-10-19
5290,"The Berenstain Bears LIVE! in Family Matters, the Musical",2011-07-03
5322,"The Berenstain Bears LIVE! in Family Matters, the Musical",2011-11-05
5247,The Best Is Yet To Come: The Music of Cy Coleman,2011-05-25
6794,The Best We Could (a family tragedy),2020-05-19
6705,The Big Bang Theory: A Pop-Rock Musical Parody,2019-03-07
5364,The Big Meal,2012-03-21
6856,The Big One-Oh!,2019-09-28
4443,The Big Voice: God or Merman?,2006-11-30
6730,The Bigot,2019-05-01
5043,The Bilbao Effect,2010-05-16
4274,The Black and White Blues,2006-02-09
4596,The Black Eyed,2007-07-31
2397,The Blacks: A Clown Show,2003-03-11
5354,The Blood Knot,2012-02-16
5328,The Blue Flower,2011-11-09
6129,The Body of an American,2016-02-23
5008,The Book of Grace,2010-03-16
6957,The Book of Moron,2021-08-23
3087,The Bourgeois Gentleman,2004-04-16
5116,The Break of Noon,2010-11-22
5369,The Broken Heart,2012-02-11
4955,The Brother/Sister Plays Part 1: In The Red and Brown Water,2009-11-15
4956,The Brother/Sister Plays Part 2:  The Brothers Size and  Marcus; or the Secret of Sweet,2009-11-15
4630,The Brothers Size,2007-11-06
4953,The Buddha Play,2009-09-24
5029,The Burnt Part Boys,2010-05-25
4300,The Busy World is Hushed,2006-06-25
4548,The Butcher of Baraboo,2007-06-11
1478,The Butter and Egg Man,2002-10-02
6527,The Cake,2019-03-05
5535,The Call,2013-04-14
5338,The Canterbury Tales Remixed,2011-12-04
5646,The Capables,2013-07-23
4776,The Castle,2008-04-27
4718,The Cat Who Went to Heaven,2008-03-25
5536,The Caucasian Chalk Circle,2013-05-30
6067,The Changeling,2016-01-10
3887,The Cherry Orchard,2005-06-16
5285,The Cherry Orchard,2011-12-04
5718,The Chocolate Show! (A Tasty New Musical),2014-02-14
5977,The Christians,2015-09-17
5345,The City Club,2012-04-23
5780,The City of Conversation,2014-05-05
5654,The Civil War,2013-07-18
4367,The Clean House,2006-10-30
5108,The Collection & A Kind of Alaska: Two Plays by Harold Pinter,2010-11-21
4927,The Columbine Project,2009-08-09
1427,The Comedy of Errors,2002-07-11
5658,The Comedy of Errors,2013-06-18
6118,The Comedy of Errors,2015-11-05
6316,The Comedy of Errors,2017-03-06
6515,The Common Air,2010-04-14
5373,The Common Pursuit,2012-05-24
5642,The Commons of Pensacola,2013-11-21
6841,The Confession of Lily Dare,2020-01-29
3682,The Controversy of Valladolid,2005-02-20
6680,The Convent,2019-01-24
5128,The Coward,2010-11-22
6608,The Cradle Will Rock,2019-04-03
4761,The Cripple of Inishmaan,2008-12-21
6819,The Crucible,2019-11-21
6360,The Crusade of Connor Stephens,2017-06-26
6931,The Cuban Swimmer/Dog Lady,1984-04-25
5523,The Dance and the Railroad,2013-02-25
5600,The Dance of Death,2013-04-14
6686,The Dance of Death,2019-02-10
3401,The Day Emily Married,2004-08-03
4004,The Dear Boy,2005-08-08
6256,The Death of the Last Black Man in the Whole Entire World,2016-11-13
6452,The Death of the Moon,2017-09-17
5121,The Deep Throat Sex Scandal,2010-10-10
5595,The Designated Mourner,2013-07-14
4649,The Devil's Disciple,2007-12-13
5263,The Devil's Music: The Life and Blues of Bessie Smith,2011-06-22
1206,The Dining Room,1982-02-24
3086,The Distance From Here,2004-05-06
5106,The Divine Sister,2010-09-22
1441,The Donkey Show: A Midsummer Night's Disco,1999-08-18
5617,The Drawer Boy,2013-04-24
4582,The Drunken City,2008-03-26
4999,The Duchess of Malfi,2010-02-27
6145,The Effect,2016-03-16
2499,The Effect of Gamma Rays on Man-in-the-Moon Marigolds,2003-03-16
5024,The Elaborate Entrance of Chad Deity,2010-05-20
4952,The Emperor Jones,2009-10-18
6320,The Emperor Jones,2017-03-12
6323,The End of Longing,2017-06-05
6982,The Essence,2021-10-17
5962,The Events,2015-02-12
6820,The Exes,2019-08-10
1695,The Exonerated,2002-10-10
5491,The Exonerated,2012-09-19
5545,The Explorers Club,2013-06-20
3743,The False Servant,2005-04-10
4358,The Fantasticks,2006-08-16
5323,The Fartiste,2011-10-27
5884,The Fatal Weakness,2014-09-15
6978,The Fever,--
4441,The Fever,2007-01-29
4343,The Field,2006-06-01
4727,The Fifth Column,2008-03-11
4759,The First Breeze of Summer,2008-08-21
5529,The Flick,2013-03-12
5955,The Flick,2015-05-18
3419,The Foreigner,2004-11-07
5017,The Forest,2010-05-06
5875,The Fortress of Solitude,2014-10-22
4592,The Four of Us,2008-03-25
6866,The Four Seasons,--
2104,The Fourth Sister,2002-11-21
1948,The Fourth Wall,2002-11-13
5503,The Freedom of The City,2012-10-14
6288,The Gabriels: Election Year in the Life of One Family Play Three: Women of a Certain Age,2016-11-08
6228,The Gabriels: Election Year in the Life of One Family Play Two: What Did You Expect?,2016-09-16
6131,"The Gabriels: Election Year in the Life of One Family, Play One: Hungry",2016-03-04
4987,The Gayest Christmas Pageant Ever,2009-11-29
1800,The General From America,2002-11-21
6535,The Gentleman Caller,2018-05-10
4848,The Glass Cage,2008-10-21
4910,The Glass Menagerie,2010-03-24
5952,The Glass Menagerie,2015-05-14
6204,The Glass Menagerie,2015-05-22
4623,The Glorious Ones,2007-11-05
4225,The God Committee,2006-03-29
1134,The Godfadda Workout,2002-03-17
6109,The Golden Bride,2015-12-09
5558,The Golden Land,2012-11-11
5477,The Good Mother,2012-11-15
4854,The Good Negro,2009-03-16
6417,"The Gospel According to Thomas Jefferson, Charles Dickens and Count Leo Tolstoy: Discord",2017-10-01
6614,The Gospel at Colonus,2018-09-04
2502,The Gospel of John,2003-03-16
6356,The Government Inspector,2017-06-01
4777,The Grand Inquisitor,2008-10-29
5039,The Grand Manner,2010-06-27
4011,The Great American Trailer Park Musical,2005-09-27
5191,The Great Game: Afghanistan,2010-12-07
5510,The Great God Pan,2012-12-18
5794,The Great Immensity,2014-04-24
6416,The Great Pie Robbery,2017-07-08
5712,The Greatest Pirate Story (N)ever Told!,2013-12-05
1130,The Guys,2002-01-17
4399,The Hairy Ape,2006-10-05
6864,The Half-Life of Marie Curie,2019-11-19
1787,The Hands of Its Enemy,1986-11-28
5715,The Happiest Song Plays Last,2014-03-03
6613,The Hard Problem,2018-11-19
2918,The Harlequin Studies,2003-09-23
6205,The Harvest,2016-10-24
5659,The Hatmaker's Wife,2013-09-05
6889,The Headlands,2020-02-24
4967,The Heart Is a Lonely Hunter,2009-12-03
5783,The Heir Apparent,2014-04-09
6644,The Hello Girls,2018-12-02
6433,The Home Place,2017-10-10
6857,The Hope Hypothesis,2019-10-29
6786,The Hot Wing King,2020-03-01
4303,The House in Town,2006-06-19
6497,The House That Will Not Stand,2018-07-30
5125,The Human Scale,2010-10-12
6038,The Humans,2015-10-25
5227,The Illusion,2011-06-05
6210,The Imbible- A Spirited History of Drinking,2014-11-21
3420,The Immigrant,2004-11-04
2022,The Importance of Being Earnest,2002-09-26
6877,The Independents,2019-10-20
4015,The Intelligent Design of Jenny Chow,2005-09-19
5182,The Intelligent Homosexual's Guide to Capitalism and Socialism With a Key to the Scriptures,2011-05-05
4385,The Internationalist,2006-11-05
5910,The Invisible Hand,2014-12-08
4978,The Irish Curse,2010-03-28
5080,The Irish...and How They Got That Way,2010-07-22
4508,"The J.A.P. Show, Jewish American Princesses of Comedy",2007-04-18
5705,The Jacksonian,2013-11-07
4698,The Jesus Factor,2008-02-07
4380,The Jew of Malta,2007-02-04
4567,The Joy Luck Club,2007-11-07
3120,The Joys of Sex,2004-05-12
5804,The Junket,2014-03-16
5026,The Kid,2010-05-10
4041,The Ladies of the Corridor,2005-09-14
4943,The Lady With All The Answers,2009-10-14
5550,The Landing,2013-10-23
5050,The Language Archive,2010-10-17
4989,The Last Cargo Cult,2009-12-07
3681,The Last Days of Judas Iscariot,2005-03-02
6335,The Last Days of Judas Iscariot,2017-03-13
5534,The Last Five Years,2013-04-02
3055,The Last Letter,2003-12-18
6436,The Last Match,2017-10-24
6947,The Last of the Love Letters,2021-09-13
5427,The Last Smoker in America,2012-08-02
379,The Last Sweet Days,1997-04-06
4473,The Last Word...,2007-02-08
6212,The Layover,2016-08-23
3034,The Legacy Codes,2003-11-05
6297,The Liar,2017-01-26
5741,The Library,2014-04-15
6876,Anything Can Happen in the Theater: The Musical World of Maury Yeston,2019-12-05
6520,Apologia,2018-10-16
4205,Apparition,2005-12-04
5200,Apple Cove,2011-02-06
5930,Application Pending,2015-02-10
5764,Appropriate,2014-03-16
6912,Approval Junkie,2021-11-16
5665,Arguendo,2013-09-24
4842,Aristocrats,2009-01-25
5768,Arlington,2014-03-02
4788,Around the World in 80 Days,2008-07-20
5831,Arrivals & Departures,2014-06-04
5567,Artist of Light,2012-11-23
346,As Bees in Honey Drown,1997-06-19
2560,As You Like It,2003-04-07
4006,As You Like It,2005-07-12
5443,As You Like It,2012-06-21
6422,As You Like It,2017-09-28
6899,Ashley Blaker: Goy Friendly,2020-02-03
5671,Ashville,2013-09-05
6887,Assassins,2021-11-14
5356,Assistance,2012-02-28
6785,Assistants the Musical,--
5321,Asuncion,2011-10-27
4373,Asylum: The Strange Case of Mary Lincoln,2006-09-14
5815,Atomic,2014-07-13
6177,Aubergine,2016-09-12
3053,Aunt Dan and Lemon,2003-12-18
6975,Autumn Royal,2021-10-18
2337,Avenue Q,2003-03-20
4962,Avenue Q,2009-10-21
6507,Babette's Feast,2018-03-25
5193,Baby Wants Candy,2011-01-08
4048,Bach at Leipzig,2005-11-14
5036,Bachelorette,2010-07-21
4772,Back Back Back,2008-11-18
5677,Bad Jews,2013-10-03
6345,Baghdaddy,2017-05-01
1709,Bailegangaire,2002-10-10
6533,Balls,2018-01-24
5126,Banished Children of Eve,2010-10-24
3319,Barbara Cook's Broadway,2004-06-02
2227,Barbra's Wedding,2003-03-05
5488,Bare,2012-12-19
3073,Bare: A Pop Opera,2004-04-19
4224,Based on a Totally True Story,2006-04-11
4738,Bash'd! - A Gay Rap Opera,2008-06-23
4794,Basic Training,2008-10-13
5541,Basilica,2013-05-23
6815,Bat Out of Hell,2019-08-08
4206,The Lieutenant of Inishmore,2006-02-27
6616,The Light,2019-02-10
6180,The Light Years,2017-02-17
5825,The Lightning Thief,2014-07-24
6313,The Lightning Thief: Percy Jackson Musical,2017-04-04
5765,The Lion,2014-06-26
5948,The Lion,2015-02-08
5763,"The Lion, the Witch, and the Wardrobe",2011-10-22
5961,The Liquid Plain,2015-03-08
4201,The Little Dog Laughed,2006-01-10
4699,The Little Flower of East Orange,2008-04-06
5103,The Little Foxes,2010-09-30
6403,The Little Mermaid,2017-02-26
3035,The Long Christmas Ride Home,2003-11-04
5870,The Love Note,2014-09-14
2894,The Love-Hungry Farmer,2003-08-07
5821,The Lovesong of Alfred J Hitchcock,2014-05-07
6485,The Low Road,2018-03-07
6523,The Lucky Ones,2018-03-31
5525,The Lying Lesson,2013-03-13
5299,The Lyons,2011-10-11
6364,The Mad Ones,2017-11-15
5524,The Madrid,2013-02-26
5265,The Magdalene A Musical Play,2011-06-27
3511,The Maids,2005-04-08
5357,The Maids,2012-03-15
3116,The Marijuana-logues,2004-03-30
4745,The Marriage of Bette and Boo,2008-07-13
4766,The Marvelous Wonderettes,2008-09-14
4843,The Master Builder,2008-10-23
5554,The Medium,2012-10-25
5599,The Memory Show,2013-04-30
4379,The Merchant of Venice,2007-02-04
5041,The Merchant of Venice,2010-06-30
1713,The Mercy Seat,2002-12-18
5015,The Metal Children,2010-05-19
6514,The Metromaniacs,2018-04-22
6768,The Michaels,2019-10-27
5185,The Milk Train Doesn't Stop Here Anymore,2011-01-30
4411,The Milliner,2006-11-01
4587,The Misanthrope,2007-09-24
5046,The Misanthrope,2011-01-23
4262,The Miser,2006-02-23
5683,The Model Apartment,2013-10-15
5868,The Money Shot,2014-09-22
3107,The Moonlight Room,2004-03-01
6324,The Moors,2017-03-15
5377,The Morini Strad,2012-04-03
5809,The Most Deserving,2014-04-08
6564,The Mother,2019-03-11
5532,The Mound Builders,2013-03-17
4220,The Music Teacher,2006-03-06
3056,The Musical of Musicals-- The Musical!,2003-12-16
3732,The Musical of Musicals-- The Musical!,2005-02-10
3061,The Mysteries,2004-01-22
5779,The Mystery of Irma Vep - A Penny Dreadful,2014-04-17
5860,The Mystery of Love & Sex,2015-03-02
5921,The Nether,2015-02-24
4689,The New Century,2008-04-14
6788,The New Englanders,2019-10-02
6638,The New One,2018-08-02
5184,The New York Idea,2011-01-26
6560,The Niceties,2018-10-25
3332,The Niggerlovers,1967-10-01
5694,The Night Alive,2013-12-12
2924,The Night Heron,2003-10-07
4899,The Night Watcher,2009-10-06
3084,The Normal Heart,2004-04-21
5519,The North Pool,2013-03-06
2702,The Notebooks of Leonardo Da Vinci,2003-06-29
6308,The Object Lesson,2017-02-09
6629,The Office! A Musical Parody,2018-10-08
5197,The Ohmies,2011-01-06
5623,The Old Friends,2013-09-12
5814,The Oldest Boy,2014-11-03
3403,The Oldest Profession,2004-09-26
5711,The Open House,2014-03-03
6317,The Oregon Trail,2017-01-22
6578,The Originalist,2018-07-29
4915,The Orphans' Home Cycle Part I: The Story of a Childhood,2009-11-19
4916,The Orphans' Home Cycle Part II: The Story of a Marriage,2009-12-17
4917,The Orphans' Home Cycle Part III: The Story of a Family,2010-01-26
5520,The Other Josh Cohen,2012-10-21
6633,The Other Josh Cohen,2018-11-12
5214,The Other Place,2011-03-28
4070,The Other Side,2005-12-06
6361,The Outer Space,2017-03-08
5561,The Outgoing Tide,2012-11-20
4538,The Overwhelming,2007-10-23
4390,The Pain and the Itch,2006-09-21
6587,The Pain of My Belligerence,2019-04-22
3782,The Paris Letter,2005-06-12
5587,The Patron Saint of Sea Monsters,2013-11-12
5400,The Patsy,2011-07-24
6293,The Penitent,2017-02-27
6793,The Perplexed,2020-03-03
5293,The Philanderer,2012-01-22
5493,The Piano Lesson,2012-11-18
4628,The Piano Teacher,2007-11-18
4749,The Plant That Ate Dirty Socks,2008-07-24
6698,The Play That Goes Wrong,2019-02-20
4950,The Playboy of the Western World,2009-10-11
6685,The Plough and the Stars,2019-04-30
6279,The Portal,2016-12-03
6387,The Portuguese Kid,2017-10-24
4965,The Pride,2010-02-16
4381,The Prime of Miss Jean Brodie,2006-10-09
1385,The Prince and the Pauper,2002-06-16
6338,The Profane,2017-04-09
4267,The Property Known as Garland,2006-03-23
5068,The Quantum Eye,2007-11-24
5264,The Rap Guide to Evolution,2011-06-26
5954,The Rap Guide to Religion,2014-10-08
6439,"The Rape of the Sabine Women, by Grace B. Matthias",2017-09-10
6252,The Real Actors of NYC,2016-10-13
5784,The Real Americans,2014-03-18
4590,The Receptionist,2007-10-30
6393,The Red Letter Plays: Fucking A,2017-09-11
6394,The Red Letter Plays: In the Blood,2017-09-17
3050,The Regard Evening,2003-12-16
1656,The Resistible Rise of Arturo Ui,2002-10-03
6606,The Resistible Rise of Arturo UI,2018-11-14
4909,The Retributionists,2009-09-14
5526,The Revisionist,2013-02-21
6630,The Revolving Cycles Truly and Steadily Roll'd,2018-09-19
4196,The Right Kind of People,2006-02-09
4594,The Rise of Dorothy Hale,2007-10-04
4894,The Rivalry,2009-05-21
5812,The Rivals,2014-05-04
5944,The Road to Damascus,2015-01-27
5199,The Road to Qatar,2011-02-03
6248,The Roads to Home,2016-10-05
6093,The Robber Bridegroom,2016-03-13
6809,The Rolling Stone,2019-07-15
6340,The Roundabout,2017-04-20
6066,The Royale,2016-03-07
4066,The Ruby Sunrise,2005-11-16
6089,The Ruins of Civilization,2016-05-18
401,The Sad Lament of Pecos Bill on the Eve of Killing His Wife / Killer's Head / Action,1997-02-09
6541,The Saintliness of Margery Kempe,2018-07-12
4812,The Savannah Disputation,2009-03-03
4339,The Scene,2007-01-11
5225,The School For Lies,2011-05-01
6068,The School for Scandal,2016-04-24
4983,The Scottsboro Boys,2010-03-10
4635,The Screwtape Letters,2007-11-08
5010,The Screwtape Letters,2010-05-10
6498,The Seafarer,2018-04-18
4664,The Seagull,2008-03-13
5675,The Seagull,2013-10-13
6605,The Secret Life of Bees,2019-06-13
5298,The Select (The Sun Also Rises),2011-09-11
6707,The Selfish Giant,2018-10-13
4625,The Sensuous Woman,2007-10-06
4197,The Seven,2006-02-12
6683,The Shadow of a Gunman,2019-02-12
5203,The Shaggs: Philosophy of the World,2011-06-07
4871,The Shanghai Gesture,2009-04-30
5236,The Shaughraun,2011-05-01
5233,The Shoemaker,2011-07-24
4852,The Singing Forest,2009-04-27
6941,The Slab Boys,1983-03-07
4665,The Slug Bearers of Kayrol Island (or the Friends of Dr. Rushower),2008-02-11
5044,The Sneeze,2010-09-26
6867,The Sorceress,--
4723,"The Sound and the Fury (April Seventh, 1928)",2008-04-29
4957,The Starry Messenger,2009-11-23
3059,The Stendhal Syndrome,2004-02-16
6513,The Stone Witch,2018-03-25
3048,The Story,2003-12-10
6462,The Stowaway (Or How The Mistress Quickly Went From Madcap To Majestic),2017-11-06
6283,The Strange Undoing of Prudencia Hart,2016-12-13
4762,The Strangerer,2008-07-13
6976,The Streets of New York,2021-12-14
4994,The Subject Was Roses,2010-04-18
5275,The Submission,2011-09-27
5740,The Substance of Fire,2014-04-27
2891,The Summer of the Swans,2003-07-23
6953,The Super Crazy Funtime Show,2021-04-02
5244,The Talls,2011-08-15
5371,The Taming of the Shrew,2012-03-25
5849,The Taming of the Shrew,2014-07-10
6183,The Taming of the Shrew,2016-06-14
4993,The Temperamentals,2010-02-28
4747,The Tempest,2008-09-18
6503,The Thanksgiving Play,2018-11-05
6774,The Thin Place,2019-12-12
2892,The Thing About Men,2003-08-27
4822,The Third Story,2009-02-02
2916,The Threepenny Opera,2003-09-07
5754,The Threepenny Opera,2014-04-07
4884,The Tin Pan Alley Rag,2009-07-14
6920,The Top Job,2008-03-08
5381,The Total Bent,2012-02-24
6186,The Total Bent,2016-05-25
4855,The Toxic Avenger,2009-04-06
5465,The Train Driver,2012-09-09
6385,The Traveling Lady,2017-06-22
6412,The Treasurer,2017-09-26
4394,The Treatment,2006-09-12
6688,The Trial of the Catonsville Nine,2019-02-06
6517,The Trials of Oz,1972-12-19
5697,The Tribute Artist,2014-02-09
3117,The Tricky Part,2004-04-12
4202,The Trip To Bountiful,2005-12-04
2558,The Triumph of Love,2003-03-30
6583,The True,2018-09-20
5622,The Tutors,2013-06-05
5552,The Twenty-Seventh Man,2012-11-19
3312,The Two and Only,2004-05-13
3036,The Two Noble Kinsmen,2003-10-19
5630,The Two-Character Play,2013-06-19
5608,The Unavoidable Disappearance of Tom Durnin,2013-06-27
6740,The Underlying Chris,2019-11-21
4919,The Understudy,2009-11-05
6580,The Unexpected Guest,2018-04-13
4856,The Unseen,2009-03-08
6801,The Unsinkable Molly Brown,2020-02-26
6771,The Vagrant Trilogy,2020-04-01
6197,The Very Hungry Caterpillar Show,2016-06-11
6349,The View UpStairs,2017-02-28
5628,The Village Bike,2014-06-10
6437,The Violin,2017-09-19
6772,The Visitor,2021-11-04
4383,The Voyage of the Carcass,2006-10-16
4421,The Voysey Inheritance,2006-12-06
1699,The Water Coolers,2002-10-13
4289,The Water's Edge,2006-06-14
6744,the way she spoke,2019-07-18
5916,The Way We Get By,2015-05-12
5859,The Wayside Motor Inn,2014-09-04
5611,The Weir,2013-05-23
5504,The Whale,2012-11-05
5170,The Whipping Man,2011-02-01
6350,The Whirligig,2017-05-21
6709,The White Devil,2019-03-31
6647,The White Whore and the Bit Player,1973-02-05
5803,The Who & The What,2014-06-16
4863,The Widowing of Mrs. Holroyd,2009-03-01
6163,The Wildness Sky Pony's Rock Fairy Tale,2016-02-29
6631,The Winning Side,2018-10-08
2205,The Winter's Tale,2003-01-30
5042,The Winter's Tale,2010-07-01
5968,The Winter's Tale,2015-02-22
5192,The Witch of Edmonton,2011-02-03
6209,The Wolves,2016-09-11
6878,The Woman in Black,2020-01-23
2398,The Women of Lockerbie,2003-04-07
5574,The Wonderful Wizard of Song: The Music of Harold Arlen,2013-01-10
5758,The Wong Kids in The Secret of the Space Chupacabra Go!,2014-01-31
4203,The Wooden Breeks,2006-02-21
6100,The Woodsman,2016-02-08
4613,The Wooster Group Hamlet,2007-10-31
5800,The World of Extreme Happiness,2015-02-24
6812,The Wrong Man,2019-10-07
4885,The Yeats Project,2009-04-15
5256,The Yellow Brick Road,2011-07-19
6775,The Young Man From Atlanta,2019-11-24
6102,These Paper Bullets!,2015-12-15
5834,They Call Me Q!,2014-06-04
6381,They Promised Her the Moon,2017-05-15
3062,They Wrote That?,2004-02-05
4878,Things of Dry Hours,2009-06-08
4611,Things We Want,2007-11-07
4036,Third,2005-10-24
4964,This,2009-12-02
6372,This Ain't No Disco,2018-07-24
4840,This Beautiful City,2009-02-22
6254,This Day Forward,2016-11-20
6460,This Flat Earth,2018-04-09
6505,"This Girl Laughs, This Girl Cries, This Girl Does Nothing",2018-02-10
3737,This Is How It Goes,2005-03-27
6450,This One's for the Girls,2017-10-27
5613,This Side of Neverland,2013-05-05
5032,This Wide Night,2010-05-16
6592,Thom Pain (based on nothing),2018-11-11
4764,Three Changes,2008-09-16
4561,Three Mo' Tenors,2007-09-27
5175,Three Pianos,2010-12-19
5180,Three Sisters,2011-02-03
6916,Three Sisters,2020-06-01
4685,Three Travelers,2008-01-24
3878,Thrill Me: The Leopold & Loeb Story,2005-05-26
5196,Through a Glass Darkly,2011-06-06
5099,Through the Night,2010-09-26
5177,Through the Night,2011-01-24
6242,"Tick, Tick... Boom!",2016-10-20
5832,Time of My Life,2014-06-11
5195,Timon of Athens,2011-03-01
5584,Tina Packer's Women of Will,2013-02-03
4586,Tings Dey Happen,2007-08-07
6271,Tiny Beautiful Things,2016-11-30
5900,'Tis Pity She's a Whore,2015-04-26
5386,Title and Deed,2012-05-20
5899,Titus Andronicus,1967-08-08
5326,Titus Andronicus,2011-12-13
4595,Tom Crean Antartic Explorer,2007-07-22
1947,Tommy Tune: White Tie and Tails,2002-12-18
5198,Tomorrow Morning,2011-03-30
6625,Toni Stone,2019-06-20
5791,Tony n' Tina's Wedding,2014-04-28
5733,Too Much Sun,2014-05-20
5001,Top Secret: The Battle for the Pentagon Papers,2010-03-09
6427,Torch Song,2017-10-19
4453,Touch,2003-10-09
3221,Toxic Audio In Loudmouth,2004-04-18
5270,Traces,2011-08-08
6570,Trainspotting Live,2018-07-15
6391,Transfers,2018-04-23
4523,transFigures,2007-04-16
5724,Transport,2014-02-16
6917,Trevor,2021-11-10
5391,TRIASSIC PARQ: The Musical,2012-06-27
5365,Tribes,2012-03-04
6710,Trick or Treat,2019-02-22
5281,Tricks The Devil Taught Me,2011-08-18
5990,Trip of Love,2015-10-18
3416,Triptych,2004-10-07
6213,Troilus and Cressida,2016-08-03
4692,Trojan Women,2008-01-17
3883,Trolls,2005-05-19
2915,Trumbo: Red White and Blacklisted,2003-09-04
4602,Trumpery,2007-12-05
5056,Trust,2010-08-12
3417,Trying,2004-10-13
4269,Tryst,2006-04-06
5272,Tryst,2011-07-07
1820,Tuesdays with Morrie,2002-11-19
6169,Turn Me Loose,2016-05-19
3898,Twelfth Night,2005-06-25
4865,Twelfth Night,2009-02-02
4895,Twelfth Night,2009-06-25
6341,Twelfth Night,2017-04-27
6585,Twelfth Night,2018-07-31
6792,Twilight: Los Angeles 1992,2021-10-12
3490,Two Brothers Who Are Not Brothers,2004-10-27
4012,Two Gentlemen of Verona,2005-08-28
4636,Two Thousand Years,2008-01-31
4416,Two Trains Running,2006-12-03
4911,Two Unrelated Plays by David Mamet: Keep Your Pantheon and School,2009-09-30
6814,Two's A Crowd,2019-07-21
6979,Unacceptable,2021-09-09
5618,Unbroken Circle,2013-06-19
6655,Uncle Romeo Vanya Juliet,2018-09-25
2212,Uncle Vanya,2003-01-10
4767,Uncle Vanya,2009-02-12
5879,Uncle Vanya,2014-09-21
6463,Uncommon Sense,2017-11-02
4669,Unconditional,2008-02-18
5792,Under My Skin,2014-05-15
3570,Under the Bridge,2005-01-06
6230,Underground Railroad Game,2016-09-13
6752,Underground Railroad Game,2019-06-01
934,Underneath the Lintel,2001-10-23
6511,Unexpected Joy,2018-05-03
6777,Unknown Soldier,2020-03-08
5245,Unnatural Acts,2011-06-23
4809,Urban Death,2008-10-10
5231,Urge for Going,2011-04-10
3058,Valhalla,2004-02-05
6430,Van Gogh's Ear,2017-08-17
4901,Vanities,2009-07-16
6275,Vanity Fair,2017-04-02
5553,Vanya and Sonia and Masha and Spike,2012-11-12
5594,Venice,2013-06-13
6355,Venus,2017-05-15
4995,Venus in Fur,2010-01-26
5861,Verite,2015-02-18
6199,Verso,2016-09-28
5062,Viagara Falls,2010-07-21
4442,Victoria Martin: Math Team Queen,2007-01-21
6104,Vietgone,2016-10-25
4890,Vieux Carre,2009-05-27
5219,Vieux Carre,2011-02-22
6185,Vincent,2016-04-07
6568,Vitaly: An Evening of Wonders,2018-06-20
5267,Voca People,2011-07-12
5363,Voca People,2012-02-16
5557,VOLPONE or The Fox,2012-12-02
3433,Waitin' 2 End Hell,2004-06-30
4077,Waiting for Godot,2005-11-16
5901,Waiting for Godot,2014-09-04
6306,"Wakey, Wakey",2017-02-27
3892,Walk Two Moons,2005-07-13
4555,Walmartopia,2007-09-03
4661,Wanda's World,2008-01-23
6064,War,2016-06-06
5428,Warrior Class,2012-07-23
5511,Water By The Spoonful,2013-01-08
5843,Wayra: Fuerza Bruta,2014-07-08
6704,We Are the Tigers,2019-02-21
5250,We Live Here,2011-10-12
5419,We Play for the Gods,2012-06-09
5058,We the People: America Rocks!,2010-07-14
6961,"Welcome Home, or Ten Tiny Snapshots of WP",2021-09-20
3108,Well,2004-03-28
4754,We'll Meet Again,1995-07-27
5601,Well-Strung: The Singing String Quartet,2013-02-28
5647,We're Gonna Die,2013-08-05
6858,We're Gonna Die,2020-02-25
6725,We're Only Alive for a Short Amount of Time,2019-06-27
3671,We're Still Hot,2005-02-08
1946,What Didn't Happen,2002-12-10
3739,What of the Night,2005-04-06
4923,What Once We Felt,2009-11-09
5508,What Rhymes with America,2012-12-12
6610,What the Constitution Means to Me,2018-10-01
6894,What to Send Up When It Goes Down,2021-09-24
6465,What We're Up Against,2017-11-08
1489,What's a Nice Country Like You...Doing in a State Like This?,1985-07-31
5716,What's It All About? Bacharach Reimagined,2013-12-05
4830,What's That Smell: The Music of Jacob Sterling,2008-11-01
5129,When I Come to Die,2011-02-10
6832,When It Happens to You,2019-10-13
5018,When the Rain Stops Falling,2010-03-08
5643,When We Were Young and Unafraid,2014-06-17
3112,Where Do We Live?,2004-05-11
6813,Where We Stand,2020-02-11
5845,While I Yet Live,2014-10-12
3413,White Chocolate,2004-10-06
6302,White Guy on the Bus,2017-03-18
6554,White Noise,2019-03-20
6174,White Rabbit Red Rabbit,2016-03-07
5033,White Woman Street,2010-05-16
5011,White's Lies,2010-05-06
3575,Who Is Floyd Stearn?,2004-11-01
6344,Who Would Be King,2017-03-16
5964,Whorl Inside a Loop,2015-08-27
6472,Who's Holiday!,2017-11-28
4851,"Why Torture Is Wrong, and the People Who Love Them",2009-04-06
6442,Wicked Clone The Cinema Musical,2017-10-27
6519,Wicked Frozen,2018-04-08
5856,Wiesenthal,2014-11-05
4785,Wig Out!,2008-09-30
6609,Wild Abandon,2018-09-24
5327,Wild Animals You Should Know,2011-11-20
6552,Wild Goose Dreams,2018-11-14
5482,Wild With Happy,2012-10-23
6287,Wilderness,2016-10-26
4869,Wildflower,2009-07-27
5110,Wings,2010-10-24
2933,Wintertime,2004-03-02
6518,Wish You Were Here,1987-05-14
6906,With A Little Help...It's John Belushi,2019-12-05
5047,Wittenberg,2011-03-20
6757,Wives,2019-09-16
3688,Woman Before a Glass,2005-03-10
3046,Women on Fire,2003-11-19
5645,Women or Nothing,2013-09-16
6314,Wonderland: Alice's Rock & Roll Adventure,2017-03-04
5894,Bauer,2014-09-09
5679,Bayside! The Musical!,2013-09-21
6571,Be More Chill,2018-08-09
4773,Beast,2008-09-15
3774,Beast on the Moon,2005-04-28
3066,Beautiful Child,2004-02-24
6201,Beauty and the Beast,2016-02-27
6806,Beauty and the Beast,2019-02-28
4172,Beauty of the Father,2006-01-10
6646,Because I Could Not Stop: An Encounter with Emily Dickinson,2018-09-27
4633,Beckett Shorts,2007-12-18
2925,Beckett/Albee,2003-10-09
4819,Becky Shaw,2009-01-08
5678,Becoming Dr. Ruth,2013-10-29
2218,bedbound,2003-01-23
5706,Bedlam's Hamlet and Saint Joan,2013-11-19
6135,Bedlam's SENSE & SENSIBILITY,2016-02-04
4667,Beebo Brinker Chronicles,2008-03-05
6075,Before Your Very Eyes,2015-10-25
3673,Belfast Blues,2005-01-20
6789,Bella Bella,2019-10-22
6362,Bella: An American Tall Tale,2017-06-12
3495,Belle Epoque,2004-11-21
5517,Belleville,2013-03-03
4045,Beowulf,2005-10-16
2908,Berkshire Village Idiot,2003-09-04
4195,Bernarda Alba,2006-03-06
5512,Bethany,2013-01-20
4675,Betrayed,2008-02-06
1710,Betty Rules,2002-10-15
5839,Between Riverside and Crazy,2014-07-31
5917,Between Riverside and Crazy,2015-02-11
6861,Between the Lines,--
3110,Between Us,2004-04-20
5224,Between Worlds (Entre Mundos),2011-03-20
2332,Bexley (OH!) or Two Tales of One City,2003-03-10
6923,Beyond Babel,2020-02-01
4535,Beyond Glory,2007-06-21
5367,Beyond the Horizon,2012-02-26
4410,Bhutan,2006-10-29
3067,Big Bill,2004-02-22
5957,Big Love,2015-02-23
5687,Bike America,2013-10-01
5738,Bikeman,2014-02-18
4505,Bill W. and Dr. Bob,2007-03-05
5607,Bill W. and Dr. Bob,2013-07-16
5871,Billy & Ray,2014-10-20
4063,Bingo,2005-11-07
3784,Birdie Blue,2005-06-23
3054,Birdy,2003-12-02
3111,Biro,2004-04-18
4371,Birth and After Birth,2006-10-03
5053,Black Angels Over Tuskegee,2010-02-15
5471,Black Milk,2012-07-19
4642,Black Nativity,2007-11-30
5173,Black Nativity Now,2010-12-03
5181,Black Tie,2011-02-08
4298,Blackbird,2007-04-10
4839,Blanche Survives Katrina in a FEMA Trailer Named Desire,2009-01-25
5909,Blank! The Musical,2014-11-17
1711,Blessing in Disguise,2002-10-19
4945,Blind Lemon Blues,2009-09-15
6937,Blindness,2021-04-06
6618,BLKS,2019-05-09
5300,Blood and Gifts,2011-11-21
5190,Blood From a Stone,2011-01-12
4376,Blood on the Dining Room Floor,2000-04-16
4857,Blood Type: Ragu,2009-03-05
5016,Bloody Bloody Andrew Jackson,2010-04-06
4368,Blue Door,2006-10-10
6563,Blue Ridge,2019-01-07
1978,Blue/Orange,2002-11-24
6884,Bob & Carol & Ted & Alice,2020-02-04
6593,Boesman and Lena,2019-02-25
2732,Boobs! The Musical,2003-05-19
6133,Boogie Stomp!,2015-10-16
1702,Book of Days,2002-11-03
6662,Book of Merman,2018-10-10
6851,BOOM,2020-01-16
5785,Bootycandy,2014-09-10
3879,Boozy,2005-05-11
3889,Border/Clash,2005-06-16
4475,Boston Marriage,2002-11-20
4775,Boys' Life,2008-10-20
4774,Break Out,2008-09-23
5672,Breakfast With Mugabe,2013-08-17
5662,Brendan at the Chelsea,2013-09-08
6282,Bright Colors And Bold Patterns,2016-12-19
6469,Bright Colors And Bold Patterns,2017-11-20
5978,Bright Half Life,2015-02-25
2928,Bright Ideas,2003-11-12
6859,"Broadbend, Arkansas",2019-11-10
6721,Broadway Bounty Hunter,2019-07-23
4873,Broke-ology,2009-10-05
5398,Bronte: A Portrait of Charlotte,2012-05-03
5463,Bronte: A Portrait of Charlotte,2012-08-01
5660,Bronx Bombers,2013-10-08
5926,Brooklynite,2015-02-25
5895,brownsville song (b-side for tray),2014-10-20
4680,Buffalo Gal,2008-08-05
3069,Bug,2004-02-29
6374,Building the Wall,2017-05-21
6261,Bull in a China Shop,2017-03-01
6457,Bulldozer: The Ballad of Robert Moses,2017-12-07
5432,Bullet for Adolf,2012-08-08
5597,Bunty Berman Presents...,2013-05-09
6119,Buried Child,2016-02-17
4271,Burleigh Grime$,2006-06-13
1434,Burn This,2002-09-19
5329,Burning,2011-11-14
1703,Burning Blue,2002-10-16
6217,Butler,2016-07-27
5635,Buyer & Cellar,2013-06-18
5971,Buzzer,2015-04-08
5855,By the Water,2014-11-18
5205,"By the Way, Meet Vera Stark",2011-05-09
6590,"By the Way, Meet Vera Stark",2019-02-19
6339,C.S. Lewis Onstage: The Most Reluctant Convert,2017-03-02
6080,C.S. Lewis' The Great Divorce,2015-12-03
5201,Cactus Flower,2011-03-10
6818,Caesar and Cleopatra,2019-09-24
3501,Cam Jansen,2004-11-12
6763,Cambodian Rock Band,2020-02-24
6746,Camp Morning Wood: A Very Naked Musical,2019-06-06
6352,Can You Forgive Her?,2017-05-23
4209,Candida,2005-12-28
5009,Candida,2010-03-07
6206,Cantorial,1988-10-27
3897,Captain Louie,2005-05-08
4064,Captain Louie,2005-10-31
6464,Cardinal,2018-01-30
6478,Carmen Jones,2018-06-27
3033,Carnival Knowledge,2003-08-19
3044,"Caroline, or Change",2003-11-30
6739,Caroline's Kitchen,2019-05-02
5331,Carrie,2012-03-01
2591,Cavedweller,2003-05-08
4072,Celebration and The Room,2005-12-05
6715,Celebrity Confessions: Live From Broadway,2017-06-12
4618,Celia,2007-09-26
4778,Chair,2008-12-11
5237,Channeling Kevin Spacey,2011-05-15
6388,Charm,2017-09-19
4683,Chasing Manet,2009-04-09
5498,Checkers,2012-11-08
6987,Cheek to Cheek: Irving Berlin in Hollywood,2021-12-02
3118,Chef's Theater: A Musical Feast,2004-04-14
6911,Chekhov/Tolstoy: Love Stories,2020-02-10
5699,Cheri,2013-12-08
6699,Chick Flick the Musical,2019-03-07
3119,Chinese Friends,2004-05-25
5548,Choir Boy,2013-07-02
6243,Chris Gethard: Career Suicide,2016-10-13
6641,Christmas in Hell,2018-12-13
4653,Chuckleball: Jailhouse Jocks,2007-11-02
6309,Church and State,2017-03-27
5956,Churchill,2015-02-18
6202,Cinderella,2015-02-22
6082,Cinderella,2015-10-05
6573,Cinderella The Musical,2018-02-18
4959,Circle Mirror Transformation,2009-10-13
4972,Circumcise Me,2009-11-18
5920,City Of,2015-02-05
2171,Class Mothers '68,2002-12-09
4792,Clay,2008-10-15
6661,Cleopatra,2018-11-07
6049,Clever Little Lies,2015-10-12
4889,"Click, Clack, Moo",2009-07-28
5969,Clinton The Musical,2015-04-09
5566,Clive,2013-02-07
5251,Close Up Space,2011-12-19
5416,Closer Than Ever,2012-06-20
6597,"Clueless, The Musical",2018-12-11
4980,Clybourne Park,2010-02-21
6770,Coal Country,2020-03-03
5389,Cock,2012-05-17
6929,Cold Air,1985-05-09
4016,Colder Than Here,2005-09-28
6033,Colin Quinn The New York Story,2015-07-23
5114,Colin Quinn: Long Story Short,2010-06-19
6695,Colin Quinn: Red State Blue State,2019-01-22
6984,Colin Quinn: The Last Best Hope,2021-11-02
5538,Collapse,2013-04-16
6574,"Collective Rage: A Play in 5 Betties; In Essence, A Queer and Occasionally Hazardous Exploration; Do You Remember When You Were In Middle School And You Read About Shackleton And How He Explored the Antarctic? Imagine the Antarctic As a Pussy and It’s Sort of Like That",2018-09-12
4301,columbinus,2006-05-22
2211,Comedians,2003-01-15
6543,Comfort Women,2018-07-27
5269,Completeness,2011-09-13
5211,Compulsion,2011-02-17
4227,Confessions of a Mormon Boy,2006-02-05
5457,Conquest of the Universe or Where Queens Collide,1979-10-06
6528,Continuity,2019-05-21
4657,Conversations in Tusculum,2008-03-11
3078,Cookin',2004-03-07
4874,Coraline,2009-06-01
6268,Coriolanus,2016-10-30
6756,Coriolanus,2019-08-05
2226,Corner Wars,2003-01-15
6307,Cost of Living,2017-06-07
5474,Cougar the Musical,2012-08-26
3675,Counsellor-At-Law,2005-01-30
4960,County of Kings: The Beautiful Struggle,2009-10-12
5352,CQ/CX,2012-02-15
5229,Cradle and All,2011-05-25
6925,Crane Story,2011-09-15
5725,Craving for Travel,2014-01-22
4369,Crazy Mary,2007-06-03
4639,Crimes of the Heart,2008-02-14
4736,crooked,2008-04-20
5908,Crossing Delancey,1985-04-25
1704,Crowns,2002-12-03
6492,Cruel Intentions: The 90s Musical Experience,2017-12-11
5615,Cuff Me: The Fifty Shades of Grey Musical Parody,2013-05-05
6773,Cullud Wattah,2021-11-17
6594,Curse of the Starving Class,2019-05-13
6377,Curvy Widow,2017-08-03
5188,Cymbeline,2011-01-16
5288,Cymbeline,2011-09-08
6567,Cyprus Avenue,2018-06-25
6835,Cyrano,2019-11-07
6731,Cyrano de Bergerac,2018-04-15
6907,Da Vinci & Michelangelo: The Titans Experience,2019-08-17
6004,Dada Woof Papa Hot,2015-11-09
6237,Daddy Issues,2016-10-06
6036,Daddy Long Legs,2015-09-28
4436,Dai (enough),2006-11-14
4648,Dai (enough),2007-11-19
3507,Dames at Sea,2004-09-30
6423,Dan Cody's Yacht,2018-06-06
6875,Dana H.,2020-02-25
6461,Dance Nation,2018-05-08
5295,Dancing at Lughnasa,2011-10-30
5656,Dancing on Nails,2013-07-24
6697,Daniel Sloss: X,--
6331,Daniel's Husband,2017-04-04
6670,Daniel's Husband,2018-10-28
4879,Danny and Sylvia: The Danny Kaye Musical,2009-05-13
3418,Danny and the Deep Blue Sea,2004-11-10
6167,Daphne's Dive,2016-05-15
6626,Days of Rage,2018-10-09
4580,Dead Man's Cell Phone,2008-03-04
6225,Dead Poets Society,2016-11-17
6086,Dear Elizabeth,2015-10-28
6146,Dear Evan Hansen,2016-05-01
2613,Dear Liar,1977-05-15
3497,Death and the Ploughman,2004-11-14
5206,Death Takes a Holiday,2011-07-21
1631,Debbie Does Dallas,2002-10-29
3777,Dedication or The Stuff of Dreams,2005-08-18
4494,Defender of the Faith,2007-03-08
6708,A Christmas Carol,2018-11-25
6895,A Christmas Carol,2019-12-01
5509,A Civil War Christmas,2012-12-04
6198,A Class Act,2016-07-25
6413,A Clockwork Orange,2017-09-25
6974,A Commercial Jingle for Regina Comet,2021-09-17
5006,A Cool Dip in the Barren Saharan Crick,2010-03-28
4739,A Dangerous Personality,2008-06-11
5822,A Fable,2014-05-21
4576,A Feminine Ending,2007-10-17
4304,A Fine & Private Place,2006-04-27
5997,A Funny Thing Happened on the Way to the Gynecologic Oncology Unit at Memorial Sloan-Kettering Cancer Center of New York City,2016-06-07
4349,A Jew Grows in Brooklyn,2006-06-07
4378,A Jew Grows in Brooklyn,2006-10-11
5547,A Kid Like Jake,2013-06-17
2106,A Last Dance for Sybil,2002-12-03
6495,A Letter To Harvey Milk,2018-03-06
4996,A Lie of the Mind,2010-02-18
6178,A Life,2016-10-24
4898,A Lifetime Burning,2009-08-11
5847,A Little Princess,2014-05-22
6658,A Lovely Sunday for Creve Coeur,1979-01-21
6649,A Lovely Sunday for Creve Coeur,2018-09-23
1480,A Man of No Importance,2002-10-10
5704,A Man's A Man,2014-01-30
5378,A Midsummer Night's Dream,2012-04-29
5953,A Midsummer Night's Dream,2015-06-11
6333,A Midsummer Night's Dream,2017-07-31
5040,A Minister's Wife,2011-05-08
5873,A Month in the Country,2015-01-29
5368,A Moon for the Misbegotten,2012-03-28
4888,A More Perfect Union,2009-05-12
4047,"A Mother, A Daughter, and A Gun",2005-11-01
5022,A Night in Vegas,2010-04-11
3491,A Number,2004-12-07
6378,A Parallelogram,2017-08-02
5912,A Particle of Dread (Oedipus Variations),2014-11-23
5194,A Perfect Future,2011-02-17
3748,A Picasso,2005-04-19
5606,A Picture of Autumn,2013-06-10
6006,A Queen for a Day,2015-05-03
4263,A Safe Harbor for Elizabeth Bishop,2006-03-30
5793,A Second Chance,2014-03-30
3496,A Second Hand Memory,2004-11-22
6971,A Sherlock Carol,2021-11-22
6909,A Sign of the Times,2020-02-27
5166,A Small Fire,2011-01-06
4013,A Soldier's Play,2005-10-17
4427,A Spanish Play,2007-02-01
4364,A Stone Carver,2006-07-27
4218,Defiance,2006-02-28
5115,Den of Thieves,2010-08-19
6336,Derren Brown: Secret,2017-05-16
6369,Describe the Night,2017-12-05
6041,Desire,2015-09-10
6445,Desperate Measures,2017-10-01
5228,Desperate Writers,2011-06-06
3693,Dessa Rose,2005-03-21
5411,Detroit,2012-09-18
5531,Detroit '67,2013-03-12
5130,Devil Boys from Beyond,2010-11-13
4577,Die Mommie Die!,2007-10-21
5052,Dietrich & Chevalier: The Musical,2010-06-20
277,Dinah Was,1998-03-24
3049,Dinner with Demons,2003-12-16
5702,Dinner with Friends,2014-02-13
3429,Dirty Tricks,2004-10-20
5681,DISASTER! A 70s Disaster Movie Musical,2013-11-04
6466,Disco Pigs,2018-01-08
5934,DISENCHANTED! A New Musical Comedy,2014-12-04
5476,Disgraced,2012-10-22
3037,Diss Diss and Diss Dat,2003-10-29
4832,Distracted,2009-03-04
4537,Dividing the Estate,2007-09-27
6712,Do You Feel Anger?,2019-04-02
5796,Doctor Faustus,2015-06-18
6717,Dog Man,2019-07-08
4074,Dog Sees God,2005-12-15
5430,Dogfight,2012-07-16
5655,Domesticated,2013-11-04
2550,Don Juan,2003-03-23
2932,Dona Rosita the Spinster,2003-12-19
5862,Donkey Punch,2014-07-31
5577,Donnybrook!,2013-02-17
5824,"Donogoo, or The Miracles of Science",2014-06-23
5495,Don't Go Gentle,2012-10-14
4893,Don't Leave It All to Your Children!,2009-05-20
4579,Doris to Darlene A Cautionary Valentine,2007-12-11
6096,Dot,2016-02-21
5223,Double Falsehood,2011-03-22
3430,Doubt,2004-11-23
6743,Douglas,--
2588,Down a Long Road,2003-05-14
6620,Downstairs,2018-11-18
6454,Downtown Race Riot,2017-11-26
6836,Dr. Jekyll & Mr. Hyde,2019-04-28
6803,Dr. Ride’s American Beach House,2019-11-05
4037,Dr. Sex,2005-09-20
5176,Dracula,2011-01-05
6902,Dracula,2020-02-17
6506,Dragapella!,2001-10-24
2395,Dream a Little Dream,2003-04-23
5291,Dreams of Flying Dreams of Falling,2011-10-03
6908,Drift,--
6239,Driving Miss Daisy,2016-06-09
6677,Dropping Gumballs on Luke Wilson,2019-06-18
3885,Drumstruck,2005-06-16
5924,Drunk Shakespeare,2014-11-01
6144,Dry Powder,2016-03-22
1705,Dublin Carol,2003-02-20
6838,Dublin Carol,2019-10-01
3063,Duet,2003-12-04
4415,Durango,2006-11-20
6853,Dust,--
4817,Dust,2008-12-04
3051,Dutch Heart of Man,2003-09-25
4444,Dutchman,2007-01-16
4477,Dying City,2007-03-04
6628,Dying City,2019-06-03
5919,Dying For It,2015-01-08
6584,Dynamite Tonight,1964-03-15
4763,East 14th,2008-07-10
6043,Eclipsed,2015-10-14
6703,Eco Village,2019-01-22
4713,Eddie Izzard,2008-02-12
3064,Eden,2004-02-01
4634,Edge,2007-10-18
6396,Edward Albee's At Home at the Zoo: Homelife & The Zoo Story,2018-02-21
5081,"Edward Albee's Me, Myself & I",2010-09-12
4605,Edward Albee's Occupant,2008-06-05
4690,Edward Albee's The American Dream and The Sandbox,2008-04-01
5362,Edward Albee's The Lady From Dubuque,2012-03-05
6221,"Edwin, The Story of Edwin Booth",2016-09-08
2733,Eight Days (Backwards),2003-06-16
5650,Einstein,2013-08-11
6825,Einstein's Dreams,2019-11-19
4043,Einstein's Gift,2005-10-06
4549,Election Day,2007-08-01
2223,Elegies,2003-03-24
4521,Elvis People,2007-06-21
3079,Embedded,2004-03-14
4409,Emergence-SEE!,2006-10-22
6872,Emojiland,2020-01-19
5560,Emotional Creature,2012-11-12
6406,Endangered! The Musical,2017-07-23
3694,Endgame,2005-02-24
6882,Endlings,2020-03-09
1132,Endpapers,2002-06-23
3113,Engaged,2004-04-29
6162,Engagements,2016-08-04
4801,Enter Laughing,2008-09-10
6726,Enter Laughing,2019-05-16
4173,Entertaining Mr. Sloane,2006-03-16
4926,Equivocation,2010-03-02
4984,Ernest in Love,2009-12-20
6346,Ernest Shackleton Loves Me,2017-05-07
4495,Essential Self-Defense,2007-03-28
5835,Ethel Sings - The Unsung Song of Ethel Rosenberg,2014-06-06
4534,eurydice,2007-06-18
6303,Evening at the Talk House,2017-02-16
3434,Eve-olution,2004-10-20
5918,EVERY BRILLIANT THING,2014-12-14
6305,Everybody,2017-02-21
4807,Everyday Rapture,2009-05-03
6540,Everyone's Fine With Virginia Woolf,2018-06-12
5972,Everything You Touch,2015-02-12
4365,Everythings Turning Into Beautiful,2006-08-03
6551,Eve's Song,2018-11-07
4362,Evil Dead: The Musical,2006-11-01
4438,Exits and Entrances,2007-04-04
4998,Extinction,2010-02-17
3722,Eyewitness Blues,2005-03-16
5583,F#%king Up Everything,2013-03-24
6589,"Fabulation, or The Re-Education of Undine",2018-12-10
4737,Fabulous Divas of Broadway,2008-02-27
6318,Fade,2017-02-08
6958,Fairycakes,2021-10-24
2791,Fairytales of the Absurd,2003-06-12
5485,Falling,2012-10-15
5038,Falling for Eve,2010-07-15
2927,Fame on 42nd Street,2003-11-11
6134,Familiar,2016-03-03
4222,Family Secrets,2006-03-08
4992,Family Week,2010-05-04
5575,Fancy Nancy The Musical,2012-11-24
5891,Fancy Nancy: Splendiferous Christmas,2014-11-22
4214,Fanny Hill,2006-02-14
1712,Far Away,2002-11-11
5544,Far From Heaven,2013-06-02
5833,Farcicals: A Double Bill of Frivolous Comedies,2014-06-10
4760,Farragut North,2008-11-12
5390,Fat Camp,2012-04-29
3504,Fat Pig,2004-12-15
3891,Fatal Attraction: A Greek Tragedy,2005-07-10
4558,Fate's Imagination,2007-05-31
5805,"Father Comes Home from the Wars (Parts 1, 2 & 3)",2014-03-14
5914,"Father Comes Home from the Wars (Parts 1, 2 & 3)",2014-10-28
4804,Fault Lines,2008-09-30
4294,"Faust, Parts I & II",2006-04-30
6855,Fear,2019-10-24
5392,February House,2012-05-22
6499,Feeding the Dragon,2018-04-02
4770,Fela! A New Musical,2008-09-04
6776,Fern Hill,2019-09-17
5651,"Fetch Clay, Make Man",2013-09-12
6438,"Fiasco Theater's Twelfth Night, or What You Will",2017-12-14
3392,Fiction,2004-07-25
6569,Fiddler on the Roof,2018-07-16
6673,Fiddler on the Roof,2019-02-21
6714,Fiercely Independent,2019-03-06
2208,Fifth of July,2003-02-03
4768,Fifty Words,2008-10-01
5516,Figaro,2012-11-04
5673,Final Analysis,2013-08-18
6601,Final Follies,2018-10-02
3083,Finian's Rainbow,2004-04-15
6265,Finian's Rainbow,2016-11-06
6207,Fiorello!,2016-09-09
6476,Fire and Air,2018-02-01
6525,Fire in Dreamland,2018-07-16
6562,Fireflies,2018-10-15
6765,Fires in the Mirror,2019-11-11
6566,First Love,2018-06-14
3494,Five By Tenn,2004-11-11
4044,Five Course Love,2005-10-16
4748,Flamingo Court,2008-07-31
4870,Flamingo Court,2009-04-18
4988,Flanagan's Wake,2009-11-13
6674,Fleabag,2019-03-07
2790,Flesh and Blood,2003-07-16
3884,Flight,2005-05-16
4710,Flow,2003-09-05
4419,Floyd and Clea Under the Western Sky,2006-12-05
5590,Fly By Night: A New Musical,2014-06-11
5468,Foley,2003-03-13
5412,Food and Fadwa,2012-06-07
3894,Fools in Love,2005-06-23
6767,For Colored Girls Who Have Considered Suicide/When the Rainbow is Enuf,2019-10-22
4881,For Lovers Only (Love Songs... Nothing But Love Songs),2009-05-11
6347,For Peter Pan on her 70th birthday,2017-09-13
5759,Forbidden Broadway Comes Out Swinging!,2014-05-04
4765,Forbidden Broadway Dances With the Stars!,2008-06-28
5433,Forbidden Broadway: Alive and Kicking,2012-09-06
4571,Forbidden Broadway: Rude Awakening,2007-10-02
3775,Forbidden Broadway: Special Victims Unit,2004-12-16
6883,Forbidden Broadway: The Next Generation,2020-01-19
5507,Forever Dusty,2012-11-18
1372,Forever Plaid,1990-05-20
5819,Found,2014-10-14
5337,Fragments,2011-11-13
5539,Fragments,2013-04-21
2952,Frame 312,2003-12-11
6276,Frankenstein,2016-10-08
6444,Frankenstein,2017-10-09
6903,Frankenstein,2020-02-17
6572,Frankenstein The Musical,2017-10-07
4569,"Frankenstein, A New Musical",2007-11-01
4370,Frank's Home,2007-01-30
4014,Fran's Bed,2005-09-25
5113,Freckleface Strawberry,2010-10-01
5330,Freckleface Strawberry: The Musical,2011-11-08
6455,Freefall Frostbite: The Reinvention,2017-10-19
6689,Freestyle Love Supreme,2019-02-12
4800,Freshwater,2009-01-25
5070,Freud's Last Session,2010-07-22
5453,Fried Chicken and Latkes,2012-08-06
6161,Friend Art,2016-05-26
6421,Friends! The Musical Parody,2017-10-29
3081,From Door to Door,2004-03-24
3397,From My Hometown,2004-07-22
4678,From Up Here,2008-04-16
3080,Frozen,2004-03-18
6536,Fruit Trilogy,2018-06-07
2334,Fucking A,2003-03-16
4626,Fuerza Bruta: Look Up,2007-10-24
4496,Fugue,2007-03-21
6375,Fulfillment Center,2017-06-20
6055,Full House The Musical!,2015-09-10
5563,Fun Home,2012-10-17
5666,Fun Home,2013-10-22
4212,Funnyhouse of a Negro,2006-01-20
6873,Fur,--
554,Futz!,1968-06-13
5027,Gabriel,2010-05-13
5355,Galileo,2012-02-12
6440,"Game of Thrones: The Rock Musical (Shame of Thrones: The Rock Musical, An Unauthorized Parody)",2017-10-13
6810,Games,2019-10-10
4796,Garden of Earthly Delights,2008-11-19
4533,Gaslight,2007-05-17
5122,Gatz,2010-10-06
4478,Gazillion Bubble Show,2007-02-15
6291,Gently Down the Stream,2017-04-05
4264,George M. Cohan Tonight!,2006-03-09
6850,GEORGIA MERTCHING IS DEAD,2019-10-10
4290,Getting Home,2006-06-15
3684,Ghetto Superstar,2005-02-28
6368,Ghost Light,2017-06-19
1819,Ghosts,2002-11-10
5165,Ghosts in the Cottonwoods,2010-11-13
5555,Giant,2012-11-13
6052,Gigantic,2015-12-03
6549,Girl From the North Country,2018-10-01
5171,Girl Talk: The Musical,2010-11-14
6548,Girls & Boys,2018-06-20
5762,Girls Night: The Musical,2014-02-13
6011,Gloria,2015-06-15
6663,Gloria: A Life,2018-10-18
5204,Go Back To Where You Are,2011-04-12
5294,Gob Squad's Kitchen (You've Never Had It So Good),2012-01-23
3499,God of Hell,2004-11-16
6238,God of Vengeance,2016-12-25
6342,God of Vengeance,2017-03-14
6621,God Said This,2019-01-29
6542,God Save Queen Pam,2018-06-29
6844,God Says There Is No Peter Ott,1972-04-17
4719,God's Ear,2008-04-17
5887,Going ONCE! Laughing TWICE!!,2014-10-15
3772,Going to St. Ives,2005-03-29
2258,Golda's Balcony,2003-03-26
5475,Golden Age,2012-12-04
5496,Golden Child,2012-11-13
6521,Goldstein,2018-04-05
5167,Golf the Musical,2010-12-06
1707,Gone Home,2002-12-17
4522,Gone Missing,2007-06-24
4720,Good Boys and True,2008-05-19
6489,Good For Otto,2018-03-08
6635,Good Grief,2018-10-30
5667,Good Person of Szechwan,2013-10-29
6327,Good Samaritans,2017-02-08
4670,Grace,2008-02-11
4970,Graceland,2010-05-17
5786,Grand Concourse,2014-11-12
6491,Grandchild of Kings,1992-02-18
5551,Grasses of a Thousand Colors,2013-10-28
4386,Great Expectations,2006-11-16
6802,Greater Clements,2019-12-09
5790,Greed: A Musical for Our Times,2014-04-03
4600,Greetings from Yorkville,2007-10-04
4210,Grey Gardens,2006-03-07
4973,Groovaloo,2009-12-08
5965,Grounded,2015-04-26
4860,Groundswell,2009-05-21
4643,Growing Up 70s,2007-11-15
6401,Growing Up Gonzales,2017-06-24
5174,Gruesome Playground Injuries,2011-01-23
3410,Guantanamo: Honor Bound to Defend Freedom,2004-08-26
4281,Guardians,2006-04-11
4570,Guilty,2007-07-05
3085,Guinea Pig Solo,2004-05-09
4430,Gutenberg! The Musical!,2007-01-21
6171,Hadestown,2016-05-23
6759,Halfway Bitches Go Straight to Heaven,2019-12-09
5945,HAM: A Musical Memoir,2015-01-12
5911,Hamilton,2015-02-17
4067,Hamlet,2005-11-13
4780,Hamlet,2009-03-29
5723,Hamlet,2014-01-15
5797,Hamlet,2015-04-15
6241,Hamlet,2016-09-19
6969,Hamlet,2017-05-21
6383,Hamlet,2017-07-13
6357,Hamlet. A Version,2017-04-25
5627,Hand to God,2014-03-11
6747,Handbagged,2019-06-12
5721,Handle With Care,2013-12-15
1904,Hang on to the Good Times,1985-01-22
6371,Hangmen,2018-02-05
2105,Hank Williams: Lost Highway,2002-12-19
6732,Hans Christian Andersen: Tales Real & Imagined,2019-05-05
4838,Happiness,2009-03-30
6811,Happy Birthday Doug,2020-02-06
6657,"Happy Birthday, Wanda June",2018-10-23
1642,Happy Days,2002-09-29
3676,Happy Days,2005-02-15
5292,Happy Hour,2011-12-05
4900,Happy Now?,2010-02-09
6599,Happy Talk,2019-05-16
5626,Harbor,2013-08-06
4266,Hard Right,2006-03-12
4981,Hard Times,2010-02-14
5481,Harper Regan,2012-10-10
5470,"Harrison, TX: Three Plays by Horton Foote",2012-08-14
6435,Harry Clarke,2017-11-12
6936,Harry Clarke,2018-03-18
6891,Harry Townsend's Last Stand,2019-12-04
6081,Hasan Minhaj: Homecoming King,2015-10-23
6652,Hatefuck,2019-03-13
5168,Haunted,2010-12-08
6107,Head of Passes,2016-03-28
5435,Heartless,2012-08-27
5729,Heathers: The Musical,2014-03-31
5037,"Hebrew School Dropout, Or: How I Converted from Judaism to Catholicism and Back to Judaism AND Lost Those Stubborn Last 10 Pounds!",2010-05-19
3407,Hedda Gabler,2004-09-21
6632,Heist!,2018-08-09
6508,Hello From the Children of Planet Earth,2018-03-07
6678,Hell's Belles: A Damned Funny Musical,2015-10-24
4387,Henry and Mudge,2006-12-18
5528,Henry IV Part 1,2013-03-03
5469,Henry V,2002-09-12
3618,Henry V,2003-07-15
4704,Henry VI,1995-03-06
6354,Her Opponent,2017-03-22
6065,Her Requiem,2016-02-22
6800,Hercules,2019-08-31
3314,Here Lies Jenny,2004-05-27
5593,Here Lies Love,2013-04-23
5811,Here Lies Love,2014-05-01
5395,Hereafter Musical,2012-04-24
5878,Hereafter Musical,2014-10-25
6764,Heroes of the Fourth Turning,2019-10-07
6637,Hershey Felder as Irving Berlin,2018-08-26
4174,Hilda,2005-11-15
5366,Him,2012-03-21
5502,Him,2012-10-09
6170,Himself and Nora,2016-06-06
6050,Hir,2015-11-08
5578,Hit the Wall,2013-03-10
6143,Hold On To Me Darling,2016-03-14
4806,Home,2008-12-07
6963,Home of the Brave,1999-12-12
5807,Honor Bound,2014-05-14
4641,Hoodoo Love,2007-11-01
4525,Horizon,2007-06-05
6456,HOT MESS,2017-11-16
3689,Hot 'n' Throbbing,2005-03-28
5573,House For Sale,2012-10-13
6904,House Plant,2020-02-05
5351,How I Learned to Drive,2012-02-13
5698,How I Learned What I Learned,2013-11-24
5287,How the World Began,2012-01-08
4746,How Theater Failed America,2008-05-16
4382,How to Save the World and Find True Love in 90 Minutes,2006-11-12
6321,How to Transcend a Happy Marriage,2017-03-20
4435,Howard Katz,2007-03-01
2586,Humble Boy,2003-05-18
4833,Humor Abuse,2009-03-10
6493,Hundred Days,2017-12-04
4539,Hunting and Gathering,2008-02-03
1789,Hunting Cockroaches,1987-03-03
3672,Hurlyburly,2005-01-27
6651,Hurricane Diane,2019-02-24
5344,Hurt Village,2012-02-27
5449,I Am a Tree,2012-05-31
2592,I Am My Own Wife,2003-05-27
6136,I and You,2016-01-27
6232,I Like It Like That,2016-09-22
4194,I Love You Because,2006-02-14
5709,I Remember Mama,2014-03-30
6795,I Spy A Spy,2019-07-18
6502,I Was Most Alive With You,2018-09-24
6155,Ideation,2016-03-15
4961,Idiot Savant,2009-11-04
6249,If I Forget,2017-02-22
6581,If Pretty Hurts Ugly Must Be a Muhfucka,2019-03-10
5464,If There Is I Haven't Found It Yet,2012-09-20
4354,If You Give A Mouse A Cookie & Other Story Books,2006-07-20
4825,If You See Something Say Something,2008-10-27
4784,Iliad: Book One,2009-04-16
5057,I'll Be Damned,2010-07-10
6448,Illyria,2017-10-30
6284,iLuminate,2016-12-01
5633,iLuminate: Artist of Light,2013-07-18
5612,I'm a Stranger Here Myself,2013-05-02
5134,Imagining Heschel,2010-11-08
4949,Imelda,2009-09-30
5989,Important Hats of the Twentieth Century,2015-11-23
6343,In & Of Itself,2017-04-12
4389,In a Dark Dark House,2007-06-07
5522,In Acting Shakespeare,2013-01-13
4790,In Conflict,2008-09-24
5396,In Masks Outrageous and Austere,2012-04-16
1641,In Real Life,2002-10-08
5505,In the Bar of a Tokyo Hotel,2012-10-17
6359,In the Body of the World,2018-02-06
4520,In the Continuum,2005-10-02
4946,In the Daylight,2009-09-20
6728,In the Green,2019-06-27
4439,In the Heights,2007-02-08
5127,In the Wake,2010-11-01
4033,In The Wings,2005-09-26
5112,In Transit,2010-10-05
6886,Incantata,2020-02-23
6063,Incident at Vichy,2015-11-15
6002,Incognito,2016-05-24
6159,Indecent,2016-05-17
6526,India Pale Ale,2018-10-23
4307,Indian Blood,2006-08-09
5781,Indian Ink,2014-09-30
6168,Indian Summer,2016-06-08
5565,Ingenious Nature,2012-12-05
4811,Inked Baby,2009-03-23
3771,Inky,2005-03-13
6334,Interview,2017-02-07
5212,Interviewing the Audience,2011-02-10
5737,Intimacy,2014-01-29
6755,Intimate Apparel,--
3088,Intimate Apparel,2004-04-08
5442,Into the Woods,2012-08-09
5840,Into the Woods,2015-01-22
3510,Intrigue and Love,2005-02-11
2589,Intrigue with Faye,2003-06-11
6600,Intrusion,2018-08-08
5692,Inventing Mary Martin,2014-04-27
6363,Invincible,2017-06-01
6059,Invisible Thread,2015-12-02
5353,Ionescopade,2012-02-02
5789,Iowa,2015-04-13
4554,Iphigenia 2.0,2007-08-26
6716,Ira Fuchs' Vilna,2019-03-20
4810,Irena's Vow,2008-09-22
2926,Iron,2003-10-21
6981,Is There Still Sex in the City?,2021-12-07
6852,Is This A Room,2019-10-21
6713,It Came From Beyond,2018-04-24
2299,It Just Catches,2003-02-09
5101,It Must Be Him,2010-09-01
5680,It's Just Sex!,2013-06-25
1829,It's Only a Play,1986-01-12
5497,Ivanov,2012-11-11
5915,"Ivy + Bean, The Musical",2014-10-18
4479,Jack Goes Boating,2007-03-18
5530,Jackie,2013-03-04
4671,Jackie Mason - The Ultimate Jew,2008-03-18
6751,Jacqueline Novak: Get On Your Knees,2019-07-22
4265,Jacques Brel is Alive and Well and Living in Paris,2006-03-27
5885,Jacuzzi,2014-10-13
4693,"Jamaica, Farewell",2008-03-03
5332,James X,2011-12-09
5226,Janie Condon: Raw & Unchained!,2011-04-05
883,Jeffrey,1993-01-20
6483,Jerry Springer - The Opera,2018-02-22
6431,Jersey Boys,2017-11-22
2763,Jesus Hopped the A train,2000-11-29
6395,Jesus Hopped the 'A' Train,2017-10-23
5579,Jesus in India,2013-02-19
3415,Jewtopia,2004-10-21
6289,Joan of Arc: Into the Fire,2017-03-15
5013,John Tartaglia's ImaginOcean,2010-03-31
3071,Johnny Guitar,2004-03-23
1479,Jolson & Co.,2002-09-29
6654,Jomama Jones – Black Light,2018-10-10
5963,Josephine and I,2015-03-10
6294,Josie Long: Something Better,2016-11-19
4007,Joy,2005-08-14
4786,Judy and Me,2008-10-19
6918,Julius Caesar,2000-08-20
3075,Julius Caesar,2003-01-19
6332,Julius Caesar,2017-05-23
6500,Julius Caesar,2018-03-16